Temp,TOC,Turbidity,pH,ORP,Conductivity,DoW,hour,workhour,workday,Anomaly
13.346239,9.636968,0.85614306,7.372119,255.0,428.5051,0.7143,0.5,1.0,1.0,0.0
17.698448,5.4601197,0.411954,7.134212,299.9,394.3509,0.4286,0.125,0.0,1.0,1.0
10.230372,9.11715,0.36450928,6.707185,563.2,296.3282,0.5714,0.375,1.0,1.0,0.0
11.2521,9.84098,0.979648,7.78181,240.2,771.94,0.4286,0.0417,0.0,1.0,0.0
18.46976,5.065128,0.35215247,7.130307,246.5,413.20148,0.2857,0.0417,0.0,1.0,1.0
14.304868,8.890049,0.6836,7.3388786,223.90001,432.11755,0.5714,0.6667,1.0,1.0,0.0
15.6336,2.82646,0.376461,7.5897,774.4,773.133,0.4286,0.1667,0.0,1.0,0.0
13.4289,7.19377,0.394192,7.69025,106.8,760.249,1.0,0.0,0.0,0.0,0.0
17.435997,6.369593,0.38429832,7.233708,211.00002,420.1193,1.0,0.7083,0.0,0.0,0.0
12.013843,10.139355,0.4342175,7.3741417,190.80002,396.99524,0.2857,0.1667,0.0,1.0,0.0
15.153636,8.80586,1.0540116,7.3325114,210.8,425.8323,0.1429,0.375,1.0,1.0,0.0
18.659967,6.116872,0.60550255,7.0608263,409.1,399.96994,0.8571,0.7083,0.0,0.0,1.0
10.540543,9.121275,0.43398726,6.684235,541.3,289.61862,0.8571,0.9167,0.0,0.0,0.0
15.430167,8.204895,0.65208125,7.2741675,305.5,420.10706,0.5714,0.75,0.0,1.0,0.0
17.018723,7.0309753,0.5862788,7.2514706,361.09998,397.63196,0.5714,0.1667,0.0,1.0,1.0
16.39997,7.7332945,0.5737775,7.220606,201.40001,422.61868,0.5714,0.875,0.0,1.0,0.0
15.089,7.55047,8.14836,7.59095,248.4,835.858,0.1429,0.25,0.0,1.0,1.0
18.046434,6.331848,0.6471425,7.06789,420.0,406.28793,0.4286,0.6667,1.0,1.0,1.0
13.939717,9.477149,0.7369917,7.337641,316.30002,429.95102,0.1429,0.9167,0.0,1.0,0.0
17.163511,5.941867,0.42453164,7.254902,230.8,382.79807,0.2857,0.3333,1.0,1.0,0.0
16.554375,7.488077,0.8642615,7.2658844,336.5,418.5297,0.5714,0.4583,1.0,1.0,1.0
18.384035,4.7053213,0.38871938,6.981187,296.19998,385.72736,0.7143,0.0,0.0,1.0,0.0
17.970392,6.0589375,0.65213054,7.019298,385.69998,392.5639,0.4286,0.75,0.0,1.0,1.0
11.2692,3.68395,0.64917,7.79598,192.8,779.216,0.5714,0.0833,0.0,1.0,0.0
18.36342,4.7956305,0.36079085,7.123415,200.7,395.48083,0.2857,0.375,1.0,1.0,0.0
13.9521,6.32563,0.373453,7.65704,307.1,771.651,0.8571,0.5,0.0,0.0,1.0
17.64796,5.209264,0.35215503,7.1220145,298.8,402.49445,0.4286,0.875,0.0,1.0,1.0
11.6284,0.821127,0.633953,7.83768,673.8,747.689,0.4286,0.0833,0.0,1.0,0.0
17.49326,5.588536,0.38063335,7.1535034,199.2,380.41138,1.0,0.125,0.0,0.0,0.0
13.074053,9.878576,0.79429823,7.376024,195.70001,433.00864,0.1429,0.5417,1.0,1.0,0.0
18.605484,7.5326977,0.61659914,7.069544,300.3,389.79297,0.5714,0.1667,0.0,1.0,0.0
18.925734,7.4881268,0.7435314,7.015815,311.49997,381.72052,0.1429,0.2083,0.0,1.0,0.0
12.528698,9.363263,0.41458791,7.2559814,188.6,390.01367,0.7143,0.0,0.0,1.0,0.0
18.544365,4.5882645,0.33493233,7.1059866,206.8,407.13385,0.7143,0.0833,0.0,1.0,0.0
17.503807,5.9512863,0.4148109,7.2284117,193.0,398.45914,0.8571,0.7083,0.0,0.0,0.0
17.01223,6.843132,0.4008401,7.2532244,193.90001,419.32526,1.0,0.375,0.0,0.0,0.0
18.669928,5.528497,0.55145663,6.9379134,243.2,365.4261,1.0,0.0417,0.0,0.0,1.0
18.66252,3.506185,0.40063733,6.745913,222.8,316.3816,0.4286,0.8333,0.0,1.0,1.0
18.228289,5.0144987,0.43945897,7.071256,310.09998,399.00107,0.7143,0.4583,1.0,1.0,0.0
13.7585,7.12696,1.46674,7.66638,82.2,782.922,0.2857,0.375,1.0,1.0,1.0
18.343233,4.815167,0.37121826,7.0470724,271.3,391.9672,1.0,0.0833,0.0,0.0,0.0
17.59141,5.502533,0.42446697,7.129042,266.0,392.3416,0.5714,0.125,0.0,1.0,1.0
18.316303,4.8446407,0.524149,7.107605,516.00006,395.31613,0.2857,0.5417,1.0,1.0,1.0
11.6197,9.81147,0.546772,7.73073,191.1,782.139,0.5714,0.8333,0.0,1.0,0.0
14.5977,6.44067,0.732381,7.64136,206.6,838.454,0.1429,0.2917,0.0,1.0,1.0
16.2422,2.42836,0.361798,7.56911,721.1,810.794,0.5714,0.1667,0.0,1.0,0.0
18.19784,5.4724727,0.3919019,7.163459,270.9,420.01483,0.8571,0.7917,0.0,0.0,0.0
18.698204,5.820111,0.5445168,7.022739,197.90001,380.7698,1.0,0.375,0.0,0.0,0.0
12.488714,9.696345,0.43088025,7.307613,189.8,399.28104,0.8571,0.9167,0.0,0.0,0.0
18.702341,5.832221,0.5485442,7.0244694,197.2,381.16644,1.0,0.4167,0.0,0.0,0.0
11.2935,9.96445,0.511171,7.7906,200.3,734.229,0.4286,0.7917,0.0,1.0,0.0
11.714386,10.076631,0.43799907,7.3156433,187.8,402.4797,1.0,0.9167,0.0,0.0,0.0
14.3644,5.88565,0.407599,7.62605,165.3,776.022,1.0,0.7083,0.0,0.0,0.0
11.0901,3.95217,0.444716,7.82513,609.5,742.146,1.0,0.5,0.0,0.0,0.0
12.672533,9.686207,0.41156375,7.296729,186.40001,406.6486,0.4286,0.9583,0.0,1.0,0.0
13.278196,9.623561,0.818157,7.34037,394.9,403.01767,0.4286,0.0417,0.0,1.0,1.0
17.545092,5.883041,0.36662698,7.2109046,217.20001,423.9089,0.8571,0.5417,0.0,0.0,0.0
18.565714,4.447329,0.37008023,7.065988,253.49998,375.47586,0.4286,0.125,0.0,1.0,0.0
12.889546,9.88282,0.84651065,7.372846,211.90001,408.23236,0.1429,0.125,0.0,1.0,0.0
14.2887,9.334736,0.8542334,7.2736483,320.4,434.08804,0.8571,0.375,0.0,0.0,0.0
18.669628,5.857387,0.5312318,6.955221,193.7,384.0458,0.1429,0.1667,0.0,1.0,0.0
17.020014,7.0331774,0.5878212,7.2514706,361.0,397.64594,0.5714,0.1667,0.0,1.0,1.0
17.935524,6.5640974,1.0532174,7.0765967,203.00002,409.57272,0.5714,0.5,1.0,1.0,0.0
18.42414,4.9705687,0.44858688,6.984642,221.50002,372.91833,0.8571,0.0417,0.0,0.0,0.0
18.18835,6.9849863,0.6455887,7.057472,175.8,396.52484,0.4286,0.75,0.0,1.0,0.0
14.0452,6.20134,1.97327,7.68864,567.0,767.955,1.0,0.7917,0.0,0.0,1.0
18.40933,4.861681,0.39088577,7.0800247,192.6,396.50305,0.5714,0.2083,0.0,1.0,0.0
9.778249,8.944679,0.42801183,6.7624063,436.49997,314.79922,1.0,0.5417,0.0,0.0,0.0
12.827533,9.904906,0.8327621,7.3018866,214.20001,412.3565,0.1429,0.75,0.0,1.0,0.0
16.551851,7.3507376,0.6414678,7.2047415,208.3,401.26617,0.7143,0.1667,0.0,1.0,0.0
14.0997,6.34314,1.72426,7.6673,308.1,915.652,0.2857,0.25,0.0,1.0,1.0
18.38046,4.402436,0.35931063,7.0730753,198.1,393.48984,0.5714,0.125,0.0,1.0,0.0
11.2484,10.0926,0.51861,7.76394,119.8,789.409,0.8571,0.375,0.0,0.0,0.0
17.494244,5.388256,0.38535655,7.1934943,166.1,395.6536,0.5714,0.6667,1.0,1.0,0.0
18.60492,4.794888,0.36119133,7.057329,321.1,398.7921,1.0,0.625,0.0,0.0,0.0
12.0139885,9.913909,0.66314846,7.331347,176.2,394.98065,0.1429,0.0833,0.0,1.0,0.0
17.820059,5.3331356,0.41502345,7.1776233,179.3,395.43692,0.5714,0.8333,0.0,1.0,0.0
12.903947,9.950835,0.92344683,7.3905234,198.0,430.4237,0.4286,0.4167,1.0,1.0,0.0
14.4035,5.98789,0.391845,7.67713,158.1,797.893,0.1429,0.5,1.0,1.0,1.0
15.541449,7.8427205,0.68369055,7.2371736,239.7,402.02536,0.8571,0.0,0.0,0.0,0.0
13.0207615,10.46154,0.8920266,7.4063764,274.8,436.27695,0.7143,0.7083,0.0,1.0,0.0
18.169538,6.5850205,0.6067329,7.092154,202.5,415.2887,0.7143,0.9583,0.0,1.0,0.0
12.850803,10.262505,0.7969969,7.392393,252.7,432.58832,0.1429,0.5,1.0,1.0,0.0
17.965849,6.609271,0.6380655,7.0974236,194.7,415.4629,0.5714,0.625,1.0,1.0,0.0
12.441106,8.586473,0.3715306,7.0337086,219.90001,361.40408,0.5714,0.2917,0.0,1.0,0.0
14.043384,8.628326,0.75332105,7.3233776,315.5,389.5903,1.0,0.2083,0.0,0.0,0.0
18.565794,7.507079,0.6009519,7.0695477,284.5,406.3856,0.2857,0.2083,0.0,1.0,0.0
18.399286,5.0814304,0.35432178,7.1494117,246.6,418.34158,0.8571,0.7917,0.0,0.0,0.0
13.960554,8.730476,0.8430947,7.3058095,330.9,398.8104,0.1429,0.2917,0.0,1.0,0.0
18.05164,5.4594016,0.5502899,6.958571,404.19998,378.4034,0.5714,0.7083,0.0,1.0,1.0
18.437296,5.2642436,0.47042102,7.0591145,234.5,384.2114,0.8571,0.3333,0.0,0.0,0.0
17.70708,5.430307,0.42055166,7.155102,270.9,385.06064,0.4286,0.2083,0.0,1.0,1.0
14.8412,2.23857,0.957807,7.5527,774.2,822.343,0.2857,0.375,1.0,1.0,0.0
11.9293,9.74676,0.799089,7.73519,194.5,798.439,0.4286,0.75,0.0,1.0,0.0
12.9164,9.713356,0.8126052,7.3603783,215.50002,399.64865,0.1429,0.0,0.0,1.0,0.0
17.19374,6.458225,0.748288,7.165846,276.4,386.29022,0.4286,0.125,0.0,1.0,0.0
11.9772,9.62185,0.645876,7.71727,377.5,773.895,0.1429,0.9167,0.0,1.0,0.0
17.633753,4.82926,0.3674236,7.123763,267.19998,380.33362,0.2857,0.9167,0.0,1.0,1.0
16.540903,7.4452558,1.0718879,7.243154,473.9,423.54596,0.4286,0.5833,1.0,1.0,1.0
17.681726,5.33601,0.38325346,7.151557,169.9,421.14288,0.5714,0.6667,1.0,1.0,0.0
17.988468,5.5416527,0.37083673,7.160139,190.3,409.82318,0.7143,0.125,0.0,1.0,0.0
14.5824,5.62532,0.529943,7.64669,256.2,797.583,0.7143,0.0,0.0,1.0,0.0
18.657879,4.750087,0.36961776,7.0417542,324.2,394.78998,0.1429,0.1667,0.0,1.0,0.0
18.891647,8.068037,0.7454558,7.1093097,311.8,404.87494,0.1429,0.0417,0.0,1.0,0.0
12.3034,9.58097,0.973048,7.73241,276.0,729.545,0.2857,0.625,1.0,1.0,0.0
17.24234,5.682563,0.51697063,7.193722,265.69998,403.54456,0.2857,0.5833,1.0,1.0,1.0
16.975231,6.2197757,0.39380777,7.1939683,385.9,414.2613,0.2857,0.7917,0.0,1.0,1.0
13.530502,9.718062,0.8792346,7.3789353,208.8,428.9273,0.8571,0.7083,0.0,0.0,0.0
13.62686,9.331698,0.8577165,7.352216,268.19998,417.2297,0.7143,0.125,0.0,1.0,0.0
16.88155,6.480205,0.565404,7.1625357,387.99997,387.21393,0.4286,0.9167,0.0,1.0,1.0
17.64518,4.865795,0.36926872,7.128973,263.3,382.00497,0.2857,0.9167,0.0,1.0,1.0
17.763493,6.7476277,0.6039796,7.085334,447.3,414.94687,0.1429,0.625,1.0,1.0,1.0
11.815991,9.936121,0.46913666,7.3422623,176.9,395.60196,0.1429,0.125,0.0,1.0,0.0
18.130806,4.8285923,0.36022913,7.0920763,387.0,400.83444,0.2857,0.75,0.0,1.0,1.0
13.766977,8.8319,0.7401711,7.3608813,329.9,394.78775,0.2857,0.25,0.0,1.0,0.0
17.430841,5.6561604,0.40073472,7.218,192.50002,381.0639,0.7143,0.2917,0.0,1.0,0.0
14.0249,6.19444,1.23826,7.64628,334.1,769.061,0.8571,0.1667,0.0,0.0,1.0
18.41855,4.4242606,0.3680812,7.040051,227.70001,376.67487,0.4286,0.3333,1.0,1.0,0.0
13.543985,9.375658,0.83987945,7.3434825,279.19998,422.18625,0.7143,0.0,0.0,1.0,0.0
13.235769,9.547599,0.9368325,7.3173857,408.9,401.10086,0.5714,0.0417,0.0,1.0,1.0
17.512543,7.382722,0.682508,7.1010776,412.5,420.4119,0.2857,0.625,1.0,1.0,1.0
18.848902,4.8252463,0.33713436,7.116257,245.6,421.14398,0.2857,0.0,0.0,1.0,0.0
17.450916,5.7082872,0.4745474,7.1848035,259.59998,425.41794,0.1429,0.75,0.0,1.0,0.0
18.44513,4.8840604,0.38208944,7.0782847,203.70001,396.7378,0.7143,0.2083,0.0,1.0,0.0
18.462248,5.110832,0.42204428,7.0729384,354.7,393.23248,1.0,0.5417,0.0,0.0,0.0
15.6331,4.02864,0.403309,7.5809,770.2,800.49,0.8571,0.5417,0.0,0.0,1.0
16.126163,7.4686213,0.6037885,7.2435904,200.50002,406.16635,0.5714,0.4167,1.0,1.0,0.0
16.79674,6.490064,0.56729615,7.162583,394.0,388.39792,0.4286,0.875,0.0,1.0,1.0
15.3635,3.7109,0.301596,7.54634,642.6,800.903,0.4286,0.75,0.0,1.0,0.0
15.6906,2.92314,0.307906,7.59658,785.0,771.959,0.7143,0.0,0.0,1.0,0.0
17.892809,5.2134833,0.379153,7.1428113,239.7,386.3063,1.0,0.2083,0.0,0.0,0.0
11.7978,9.78313,0.530465,7.73022,187.6,783.512,0.5714,0.5833,1.0,1.0,0.0
17.987143,5.475676,0.3848096,7.167056,262.5,420.44806,0.8571,0.5417,0.0,0.0,0.0
13.513,7.87435,1.97055,7.69003,158.3,758.603,0.2857,0.2917,0.0,1.0,1.0
17.518744,7.387708,0.67542684,7.101074,410.69998,420.46027,0.2857,0.625,1.0,1.0,1.0
11.1856,3.76715,0.49423,7.77842,616.1,783.169,0.7143,0.2917,0.0,1.0,0.0
17.484941,5.95777,0.37914956,7.217964,193.0,398.18277,0.8571,0.2083,0.0,0.0,0.0
18.271088,6.9553485,0.64087886,7.0696015,179.90001,393.4005,0.5714,0.4167,1.0,1.0,0.0
18.442858,7.959108,0.6116655,7.102528,305.19998,409.46863,0.4286,0.9167,0.0,1.0,0.0
18.508224,5.045445,0.43284017,6.9967756,254.09999,387.77505,0.2857,0.125,0.0,1.0,0.0
18.27877,6.631076,0.6629617,6.9741917,182.8,387.72995,0.1429,0.375,1.0,1.0,0.0
18.132372,6.2496767,0.6531967,7.0279703,254.39998,391.97565,0.2857,0.0,0.0,1.0,1.0
17.817707,6.6453695,0.7831837,7.078377,187.20001,401.42245,0.4286,0.5,1.0,1.0,0.0
18.344858,5.550134,0.38129598,7.1772676,298.59998,422.01947,1.0,0.7083,0.0,0.0,0.0
17.59976,5.6363044,0.4361171,7.1760654,252.20001,390.11273,0.5714,0.2083,0.0,1.0,1.0
18.348797,4.765972,0.40928203,7.0331335,333.7,381.05783,0.8571,0.25,0.0,0.0,0.0
18.60058,5.613117,0.5714235,6.946558,192.90001,373.95493,0.8571,0.0417,0.0,0.0,0.0
11.421897,9.955102,0.39655197,7.241066,227.9,385.62943,0.7143,0.4167,1.0,1.0,0.0
15.932898,7.906736,0.6315083,7.2350807,376.4,411.31808,0.5714,0.0833,0.0,1.0,1.0
18.271715,5.1169586,0.34864932,7.0885677,487.9,414.20544,0.1429,0.5833,1.0,1.0,1.0
17.779305,5.860287,0.36301655,7.2037582,199.8,422.21606,0.7143,0.8333,0.0,1.0,0.0
12.70283,10.002915,0.8653041,7.3731146,201.6,411.21915,0.2857,0.3333,1.0,1.0,0.0
15.312889,8.197361,0.74516255,7.2795606,249.80002,416.52307,0.7143,0.5833,1.0,1.0,0.0
13.017748,10.190473,0.81739277,7.3974338,192.0,441.30673,0.4286,0.625,1.0,1.0,0.0
13.014735,10.241249,0.94098926,7.4063625,368.0,427.31458,0.5714,0.4167,1.0,1.0,1.0
18.483702,5.8503227,0.63011134,7.01062,204.40001,380.06973,0.4286,0.125,0.0,1.0,0.0
13.18061,9.617356,0.83500725,7.3794284,463.3,431.2294,0.4286,0.7083,0.0,1.0,1.0
18.061312,5.1978164,0.4575175,7.0574327,496.0,396.1337,0.2857,0.5833,1.0,1.0,1.0
18.234695,5.084032,0.41648072,7.033147,324.3,390.2888,0.2857,0.875,0.0,1.0,1.0
13.932,6.30805,0.368444,7.65359,361.0,781.24,0.8571,0.375,0.0,0.0,1.0
12.5791,8.45336,0.392283,7.6978,358.7,780.667,0.4286,0.2917,0.0,1.0,0.0
16.284853,7.6127753,0.58946925,7.27492,317.0,423.39758,0.7143,0.4167,1.0,1.0,0.0
13.310791,9.559871,0.7961076,7.3544574,196.2,422.1609,0.1429,0.8333,0.0,1.0,0.0
9.730997,9.128878,0.34704852,6.7155876,555.7,299.2822,0.4286,0.75,0.0,1.0,0.0
12.7805,8.28012,0.684061,7.71149,591.4,744.342,0.8571,0.4583,0.0,0.0,0.0
18.452744,5.1524577,0.42202288,7.0383244,240.8,396.36594,0.4286,0.25,0.0,1.0,1.0
9.216295,9.137385,0.36715364,6.718606,562.1,299.7683,0.4286,0.5417,1.0,1.0,0.0
17.872957,5.8465333,0.37049317,7.1932673,267.30002,419.10846,1.0,0.5417,0.0,0.0,0.0
15.038783,8.228124,0.6892904,7.3185787,223.20001,400.29092,0.4286,0.3333,1.0,1.0,0.0
17.348598,7.011703,0.8149711,7.108086,444.8,425.49255,0.5714,0.7083,0.0,1.0,1.0
18.642376,5.6833587,0.56625044,6.9915776,189.8,372.77658,0.8571,0.2917,0.0,0.0,0.0
11.9955,9.59074,0.78836,7.74747,285.1,716.898,0.4286,0.7917,0.0,1.0,0.0
16.781824,7.350461,0.5899706,7.2307625,203.4,400.68015,0.4286,0.2917,0.0,1.0,0.0
18.07062,5.1369395,0.41197282,7.133958,413.9,417.16843,0.1429,0.6667,1.0,1.0,1.0
12.998226,10.377482,0.79890376,7.4010653,251.4,435.6648,0.1429,0.7083,0.0,1.0,0.0
16.639973,6.631671,0.422172,7.246651,535.1,421.9834,0.4286,0.625,1.0,1.0,1.0
18.373909,4.922154,0.4379934,6.981172,216.1,372.45642,0.7143,0.875,0.0,1.0,0.0
18.517567,5.952567,0.5346027,7.0539103,306.8,394.59735,0.1429,0.4167,1.0,1.0,1.0
13.437365,10.111246,0.8189757,7.3950763,247.20001,428.42136,1.0,0.8333,0.0,0.0,0.0
11.8334,9.63844,0.661595,7.71948,361.0,778.0,0.2857,0.125,0.0,1.0,0.0
12.229588,9.750167,0.43342292,7.3577456,168.70001,403.4197,0.4286,0.7917,0.0,1.0,0.0
18.626492,5.6635804,0.57137436,6.9690695,192.7,373.93503,0.8571,0.0833,0.0,0.0,0.0
11.4286,3.55001,0.815208,7.80617,214.3,800.512,0.4286,0.5417,1.0,1.0,0.0
13.540799,9.645406,0.80552274,7.3665137,193.7,424.50375,0.1429,0.0417,0.0,1.0,0.0
18.637756,4.6633463,0.42809087,6.946601,219.6,369.74326,0.5714,0.0833,0.0,1.0,0.0
10.014501,9.118093,0.4113744,6.6925488,549.5,289.98312,0.8571,0.625,0.0,0.0,0.0
13.303012,9.638767,0.78583115,7.304868,265.0,407.85437,0.2857,0.0,0.0,1.0,0.0
17.397373,6.166122,0.4079373,7.1797237,231.30002,407.28152,0.2857,0.1667,0.0,1.0,0.0
18.322071,5.0093675,0.4132914,6.9984946,299.4,387.0733,0.2857,0.9583,0.0,1.0,1.0
17.350088,5.981761,0.42686903,7.240783,234.40001,387.82782,0.2857,0.2917,0.0,1.0,0.0
17.16591,5.8992133,0.37212086,7.167655,226.6,401.75677,0.1429,0.9167,0.0,1.0,0.0
18.0772,1.66997,0.479909,7.56858,400.4,742.61,0.7143,0.0417,0.0,1.0,0.0
16.374043,7.26868,0.62978715,7.1716285,215.8,402.62024,0.8571,0.0417,0.0,0.0,0.0
17.720198,7.829843,0.60805136,7.106251,286.69998,405.04056,0.4286,0.6667,1.0,1.0,1.0
13.428623,9.224686,0.8265919,7.3383775,225.00002,394.9007,0.7143,0.7917,0.0,1.0,0.0
18.315037,5.0844083,0.35816014,7.081627,536.8,410.4616,0.1429,0.5417,1.0,1.0,1.0
18.527267,7.2264457,0.57502055,7.0192866,209.6,398.99072,1.0,0.0417,0.0,0.0,0.0
18.375877,5.1853685,0.45175254,7.1300907,765.0,421.5285,0.1429,0.5,1.0,1.0,1.0
12.983,7.86059,0.49531,7.68257,178.6,759.52,0.1429,0.2917,0.0,1.0,0.0
17.417612,5.4614725,0.3720032,7.167406,348.9,413.86325,0.2857,0.75,0.0,1.0,1.0
17.899485,4.9678698,0.36613035,7.1027923,199.2,382.30682,0.7143,0.2083,0.0,1.0,0.0
18.246954,6.513118,0.6237889,7.078262,245.0,406.64203,1.0,0.6667,0.0,0.0,0.0
14.2993,5.61126,1.36074,7.64036,208.9,771.373,0.2857,0.7917,0.0,1.0,0.0
18.268782,5.9471483,0.5239585,7.0140853,225.90001,390.83487,0.2857,0.4583,1.0,1.0,1.0
12.632391,8.463792,0.36785322,7.0336933,212.3,359.20993,0.5714,0.2083,0.0,1.0,0.0
18.25678,4.210483,0.33357757,6.9742427,230.5,368.92184,0.4286,0.7917,0.0,1.0,0.0
16.986647,6.142039,0.39090073,7.185231,382.2,411.24667,0.2857,0.7917,0.0,1.0,1.0
11.3013,1.33105,0.793961,7.80123,79.3,808.583,0.1429,0.2083,0.0,1.0,0.0
18.587526,7.508778,0.6166434,7.067815,301.39996,388.41296,0.5714,0.125,0.0,1.0,0.0
11.6046,9.77269,0.602668,7.73967,363.7,800.316,0.4286,0.1667,0.0,1.0,1.0
17.815092,5.036825,0.39812154,7.1132445,284.4,397.76575,0.1429,0.9167,0.0,1.0,0.0
11.3546,9.9542,0.501102,7.78862,206.0,735.307,0.4286,0.7917,0.0,1.0,0.0
13.434793,9.533255,0.8493214,7.3577943,287.5,429.13882,0.5714,0.8333,0.0,1.0,0.0
17.91461,5.2505207,0.49908096,7.139249,173.6,423.5956,0.2857,0.4583,1.0,1.0,1.0
11.765431,8.986532,0.41749573,6.7678947,318.09998,315.0994,1.0,0.0833,0.0,0.0,0.0
18.000933,5.29866,0.37358528,7.1566515,188.3,394.72348,0.7143,0.0,0.0,1.0,0.0
15.560823,7.839269,0.68614787,7.245939,238.1,400.7951,0.8571,0.0417,0.0,0.0,0.0
15.9224,2.48969,0.352971,7.57152,760.0,780.677,0.5714,0.875,0.0,1.0,0.0
16.212603,7.76724,0.56619287,7.234761,189.90001,419.16724,0.4286,0.8333,0.0,1.0,0.0
18.358763,5.1765676,0.39520276,7.1546903,285.3,398.98346,1.0,0.25,0.0,0.0,0.0
16.623861,6.591654,0.39567506,7.2413335,229.90001,420.0986,0.5714,0.6667,1.0,1.0,1.0
16.042467,7.457277,0.59365034,7.2454157,197.00002,405.34854,0.5714,0.4583,1.0,1.0,0.0
18.524015,7.3232045,0.59341145,7.05569,285.9,399.77167,0.2857,0.0,0.0,1.0,0.0
17.429312,5.5328927,0.37117338,7.155211,421.5,413.73242,0.4286,0.6667,1.0,1.0,1.0
17.89094,5.1908097,0.393196,7.1497407,200.8,390.471,0.4286,0.2083,0.0,1.0,0.0
18.6517,1.82905,0.423607,7.56219,349.2,795.365,0.8571,0.375,0.0,0.0,0.0
11.6991415,10.127013,0.43072206,7.3103127,188.70001,404.55457,1.0,0.9167,0.0,0.0,0.0
16.277653,7.5105367,0.6127684,7.255725,220.80002,406.61172,0.8571,0.5417,0.0,0.0,0.0
11.4443445,10.113056,0.3895566,7.271431,218.3,395.48636,0.7143,0.5833,1.0,1.0,0.0
17.757397,5.9083824,0.3936845,7.1794324,283.09998,418.6815,0.1429,0.9583,0.0,1.0,0.0
17.986698,6.200057,0.8029239,7.0418715,346.3,382.85788,0.5714,0.9583,0.0,1.0,1.0
18.745453,5.385467,0.5325848,6.934489,212.1,382.77487,0.5714,0.125,0.0,1.0,0.0
12.279136,8.59254,0.38352287,7.0248227,217.8,357.5404,0.7143,0.2917,0.0,1.0,0.0
15.543033,7.834931,0.68497765,7.2371736,239.8,402.0822,0.8571,0.0,0.0,0.0,0.0
18.617575,5.0740995,0.45842332,6.9656134,235.0,372.22598,0.4286,0.0,0.0,1.0,1.0
11.3358,2.05382,0.443894,7.81007,82.3,769.494,0.8571,0.1667,0.0,0.0,0.0
18.450312,4.596443,0.34261698,7.0609226,244.40001,396.98987,1.0,0.0417,0.0,0.0,0.0
17.8412,5.517218,0.3725587,7.177594,229.50002,414.66077,0.4286,0.0,0.0,1.0,1.0
13.034608,9.944501,0.8351771,7.3867865,235.1,427.31778,0.7143,0.4167,1.0,1.0,0.0
18.586039,4.8857155,0.3656159,7.055601,320.3,403.59207,1.0,0.7083,0.0,0.0,0.0
16.71083,6.488351,0.5695147,7.269211,239.90001,383.70633,0.2857,0.625,1.0,1.0,0.0
17.128304,6.2492137,0.3677354,7.218244,189.70001,419.30692,0.7143,0.5,1.0,1.0,0.0
17.83742,6.6408715,0.7639928,7.073156,290.0,406.21683,0.2857,0.8333,0.0,1.0,1.0
17.423832,7.39418,0.6913669,7.102852,440.09998,420.92294,0.2857,0.5833,1.0,1.0,1.0
18.62458,5.069035,0.46267873,6.9656134,234.2,371.93707,0.4286,0.0,0.0,1.0,1.0
17.287806,5.5595436,0.35112703,7.113495,195.8,393.46527,0.7143,0.8333,0.0,1.0,0.0
17.619223,5.6474695,0.6073543,6.9723763,188.00002,370.7978,0.2857,0.7083,0.0,1.0,0.0
18.544262,7.256511,0.61256886,7.0504856,213.6,395.0657,1.0,0.2917,0.0,0.0,0.0
17.533537,6.1727386,0.41215307,7.209197,297.09998,426.39685,0.5714,0.0,0.0,1.0,1.0
16.504993,7.0348086,0.56566316,7.2134724,261.5,404.71765,0.7143,0.7917,0.0,1.0,0.0
18.012777,5.186897,0.48714632,7.0505056,526.2,394.26413,0.2857,0.5417,1.0,1.0,1.0
10.367708,9.086886,0.3496892,6.7055545,557.5,295.8779,0.7143,0.375,1.0,1.0,0.0
18.28775,5.2383537,0.36026955,7.1494827,310.4,419.51797,0.1429,0.8333,0.0,1.0,1.0
14.231145,6.741077,0.7481538,6.987639,329.5,345.9957,0.7143,0.3333,1.0,1.0,0.0
12.749622,8.795189,0.3896367,7.1687193,195.3,372.93396,0.5714,0.0833,0.0,1.0,0.0
13.579389,9.537359,0.7950227,7.366439,424.5,429.99457,0.2857,0.7917,0.0,1.0,1.0
13.2312765,9.623487,0.9519108,7.324468,400.7,400.7617,0.5714,0.0833,0.0,1.0,1.0
18.465782,5.0334306,0.35807002,7.147644,277.8,413.1678,1.0,0.4167,0.0,0.0,0.0
17.49219,7.4243026,0.65225214,7.106303,344.19998,422.41962,0.1429,0.7083,0.0,1.0,1.0
11.423886,9.049732,0.36305958,6.8479843,267.99997,330.28033,0.8571,0.2917,0.0,0.0,0.0
14.005928,6.744642,0.7811316,6.989386,325.9,346.03574,0.5714,0.625,1.0,1.0,0.0
12.443885,8.512919,0.36903578,7.0265937,220.1,359.91257,0.5714,0.25,0.0,1.0,0.0
15.804066,7.792363,0.6774411,7.2790456,359.4,401.50967,0.5714,0.25,0.0,1.0,1.0
13.8958,7.04532,0.569394,7.66783,171.2,778.391,0.7143,0.1667,0.0,1.0,0.0
16.8991,6.590238,0.39443994,7.249882,295.69998,421.2168,0.5714,0.4167,1.0,1.0,1.0
11.919955,10.309611,0.41961884,7.361878,209.1,394.59055,0.5714,0.0833,0.0,1.0,0.0
16.223585,7.864585,0.58595437,7.248804,225.90001,415.6847,1.0,0.7083,0.0,0.0,0.0
11.2077,3.92237,1.77944,7.82476,491.6,745.7,0.1429,0.2917,0.0,1.0,0.0
16.34471,7.7281213,0.64709437,7.278337,528.49994,427.39468,0.5714,0.625,1.0,1.0,1.0
16.868137,6.7312994,0.5773978,7.171289,212.6,383.88635,1.0,0.0,0.0,0.0,0.0
17.899445,8.077082,0.5987872,7.1044445,287.2,428.13867,0.4286,0.0,0.0,1.0,0.0
16.993504,6.629911,0.8745194,7.1886435,239.1,405.92487,0.1429,0.9167,0.0,1.0,1.0
16.20789,7.1536217,0.60156095,7.1665015,237.40001,392.9313,0.1429,0.2083,0.0,1.0,0.0
13.7152,7.0337,1.21791,7.72484,92.2,760.422,0.2857,0.4583,1.0,1.0,1.0
14.5195,6.4457,0.686477,7.65035,188.2,833.184,0.1429,0.3333,1.0,1.0,1.0
13.450998,9.880608,0.83178735,7.3755474,243.8,423.52383,0.8571,0.7917,0.0,0.0,0.0
18.704792,5.364355,0.5372596,6.944859,216.7,382.8145,0.5714,0.0417,0.0,1.0,0.0
12.7638,8.42707,0.559897,7.68136,515.5,738.218,0.1429,0.875,0.0,1.0,0.0
18.142927,5.214284,0.41893697,7.1357036,250.2,399.54126,0.1429,0.375,1.0,1.0,0.0
11.9412,9.81358,0.691604,7.73338,449.0,775.32,0.2857,0.625,1.0,1.0,1.0
17.091805,6.0967717,0.4174515,7.2130237,440.59998,420.73648,0.4286,0.625,1.0,1.0,1.0
14.10838,8.496745,0.7216589,7.2155313,321.1,402.49982,1.0,0.0833,0.0,0.0,0.0
11.2876,1.16841,0.755719,7.81911,151.3,781.256,0.8571,0.875,0.0,0.0,0.0
17.820784,5.1286387,0.39903337,7.128864,340.59998,417.1198,0.2857,0.7083,0.0,1.0,1.0
18.668545,5.714113,0.5644881,6.996773,189.6,373.6685,0.8571,0.375,0.0,0.0,0.0
11.4593,1.98837,0.727254,7.80432,75.3,783.022,0.5714,0.2917,0.0,1.0,1.0
12.492965,9.981904,0.4296102,7.3858724,179.0,407.60074,1.0,0.4583,0.0,0.0,0.0
18.459454,4.9451165,0.7257142,7.111233,203.3,399.1981,0.4286,0.2917,0.0,1.0,0.0
18.65585,8.1553135,0.6656068,7.126723,313.5,411.43994,0.8571,0.5417,0.0,0.0,0.0
13.8718,6.13805,0.320109,7.6608,535.1,786.378,0.7143,0.5,1.0,1.0,1.0
18.473293,4.2164645,0.4089023,6.7543774,217.6,324.5572,0.4286,0.5,1.0,1.0,1.0
18.680752,5.635968,0.5083209,7.0642705,237.8,402.1428,0.2857,0.0417,0.0,1.0,0.0
18.117336,7.936755,0.6162889,7.0991683,300.1,406.9278,0.5714,0.5833,1.0,1.0,0.0
11.2289,9.8512,0.970807,7.78189,239.4,778.929,0.4286,0.1667,0.0,1.0,0.0
14.489808,6.8981705,0.795259,7.0000114,324.2,346.72025,0.4286,0.3333,1.0,1.0,0.0
15.816833,8.121991,0.644483,7.2562113,408.99997,416.67178,0.2857,0.875,0.0,1.0,1.0
18.696796,8.168009,0.681786,7.1249704,312.3,410.36267,0.8571,0.8333,0.0,0.0,0.0
17.043783,6.945402,0.58830744,7.2148037,366.9,396.00433,0.5714,0.125,0.0,1.0,1.0
17.284304,6.149279,0.42557216,7.218115,223.6,420.87695,0.5714,0.4167,1.0,1.0,1.0
15.2639,4.09266,0.632151,7.61165,762.9,771.633,0.1429,0.125,0.0,1.0,0.0
18.497242,6.975797,0.6606055,7.052222,176.5,394.10876,0.7143,0.0833,0.0,1.0,0.0
18.320923,7.5952945,0.6560338,7.116412,274.6,427.77444,0.1429,0.9167,0.0,1.0,1.0
12.4528,9.72237,1.30978,7.72833,294.7,809.448,0.4286,0.4167,1.0,1.0,1.0
18.899096,4.4349246,0.3355176,7.0746846,234.70001,404.79227,0.2857,0.1667,0.0,1.0,0.0
18.654308,5.7903805,0.5348258,6.9482937,193.50002,382.08942,0.1429,0.0833,0.0,1.0,0.0
18.118664,5.917508,0.6540184,6.984593,358.9,383.90274,0.4286,0.8333,0.0,1.0,1.0
18.105295,7.934795,0.6166651,7.0991716,299.99997,407.11075,0.5714,0.5833,1.0,1.0,0.0
18.560753,4.0074406,0.36872852,6.9293065,303.3,361.29608,1.0,0.0,0.0,0.0,0.0
17.864895,8.241191,0.59642833,7.116626,286.19998,435.3512,0.2857,0.9583,0.0,1.0,0.0
18.374933,5.2479177,0.40388262,7.1321206,282.4,406.8648,0.1429,0.25,0.0,1.0,0.0
18.4787,4.889938,0.43055642,6.9794645,317.09998,382.31674,0.1429,0.0417,0.0,1.0,0.0
14.865,4.36634,0.613443,7.63368,362.3,782.81,0.8571,0.5833,0.0,0.0,0.0
17.137697,6.397786,0.38669616,7.214733,211.5,415.15552,0.7143,0.0417,0.0,1.0,0.0
18.406982,4.9374256,0.44245094,6.969052,219.8,372.2811,0.7143,0.9583,0.0,1.0,0.0
11.3335,1.22709,0.680797,7.8065,144.8,796.87,1.0,0.2917,0.0,0.0,0.0
13.04569,9.776063,0.7866704,7.3796625,199.7,426.79147,0.2857,0.4583,1.0,1.0,0.0
18.802639,5.5583563,0.49656492,7.0780787,310.09998,398.21152,1.0,0.7917,0.0,0.0,0.0
18.801315,5.4284964,0.7633695,7.048675,310.19998,390.0163,1.0,0.875,0.0,0.0,0.0
14.4787,5.38683,0.347544,7.62401,183.5,796.235,1.0,0.7083,0.0,0.0,0.0
9.497043,9.138131,0.35526663,6.718922,561.3,299.74597,0.4286,0.5417,1.0,1.0,0.0
18.036303,5.132159,0.36345118,7.133979,403.09998,417.23672,0.1429,0.6667,1.0,1.0,1.0
18.36577,5.5001316,0.54750246,7.0573997,415.3,396.45242,0.1429,0.625,1.0,1.0,1.0
18.176916,5.1889763,0.38139945,7.151286,176.2,415.65442,0.4286,0.7917,0.0,1.0,0.0
16.789595,7.3616962,0.5920839,7.23077,203.4,400.90683,0.4286,0.2917,0.0,1.0,0.0
15.258966,8.711713,0.6438805,7.335893,220.0,429.5326,1.0,0.5,0.0,0.0,0.0
18.803627,5.5912576,0.4999894,7.0780787,310.19998,399.74725,1.0,0.7917,0.0,0.0,0.0
17.956984,5.052148,0.40837806,7.055708,309.69998,402.3766,0.7143,0.5833,1.0,1.0,0.0
11.1525,9.87299,1.03143,7.76069,128.0,740.88,0.8571,0.75,0.0,0.0,0.0
18.7113,5.3384614,0.51594734,7.0313864,223.8,384.381,0.2857,0.25,0.0,1.0,0.0
18.379875,4.806849,0.3940792,7.1145077,738.39996,395.97925,0.2857,0.5417,1.0,1.0,1.0
11.2738,3.85372,0.472531,7.79057,541.9,760.358,0.7143,0.875,0.0,1.0,0.0
13.568068,9.21749,0.8940658,7.3682847,209.30002,391.563,0.5714,0.2083,0.0,1.0,0.0
17.738747,5.268894,0.36630285,7.156782,242.9,404.73965,0.2857,0.9583,0.0,1.0,1.0
14.851174,8.340852,0.6943241,7.343485,227.80002,398.99704,0.5714,0.2083,0.0,1.0,0.0
16.805151,6.697652,0.57646346,7.174816,242.3,385.5202,0.7143,0.9583,0.0,1.0,0.0
16.882862,6.7945886,0.41076207,7.2533503,193.50002,423.32974,0.7143,0.7083,0.0,1.0,0.0
18.054356,4.572512,0.32500833,6.9724803,349.3,388.7025,0.1429,0.75,0.0,1.0,1.0
17.739796,5.29024,0.36663646,7.156782,242.2,405.88272,0.2857,0.9583,0.0,1.0,1.0
18.24615,4.84659,0.37864774,7.000226,327.09998,389.80063,0.7143,0.9167,0.0,1.0,0.0
11.36005,10.289608,0.4180839,7.364426,188.70001,396.09094,0.5714,0.625,1.0,1.0,0.0
16.727722,6.4837394,0.5928231,7.1678667,386.1,382.66678,0.5714,0.875,0.0,1.0,1.0
18.403765,5.0802693,0.3342411,7.152867,220.1,430.78668,0.5714,0.0417,0.0,1.0,0.0
18.80718,5.4344883,0.48668462,7.0780764,307.9,390.3176,1.0,0.75,0.0,0.0,0.0
11.2758,1.10361,0.954671,7.82631,165.4,782.594,0.8571,0.5,0.0,0.0,0.0
18.394644,7.57702,0.69550484,7.1198583,244.59999,426.4665,0.2857,0.0417,0.0,1.0,1.0
9.433771,9.117776,0.3670953,6.7098446,561.7,296.75153,0.5714,0.5417,1.0,1.0,0.0
11.903134,9.385251,0.35687256,7.0801334,224.6,347.83258,0.8571,0.0,0.0,0.0,0.0
18.461784,5.7993307,0.544845,7.034869,198.6,383.9234,0.2857,0.4167,1.0,1.0,1.0
16.859745,6.680763,0.3892209,7.235965,199.8,428.4792,0.1429,0.6667,1.0,1.0,0.0
18.280294,5.373195,0.38268477,7.1443124,268.59998,417.00226,0.8571,0.9167,0.0,0.0,0.0
17.871853,5.492398,0.3724361,7.1793165,224.0,413.5405,0.4286,0.0417,0.0,1.0,1.0
10.367475,9.089328,0.3495121,6.70376,557.5,295.9349,0.7143,0.375,1.0,1.0,0.0
17.754925,5.6999736,0.5894111,7.036669,430.4,400.24564,0.4286,0.7083,0.0,1.0,1.0
17.967117,5.385772,0.3752169,7.1566215,179.7,422.1884,0.5714,0.625,1.0,1.0,0.0
16.207182,7.1534424,0.60050523,7.161252,238.0,393.2905,0.1429,0.25,0.0,1.0,0.0
15.918177,8.22821,0.6414658,7.275426,381.9,421.18475,0.5714,0.0,0.0,1.0,1.0
18.096273,6.204007,0.69440454,7.00194,266.40002,381.22205,0.7143,0.2083,0.0,1.0,1.0
15.361071,7.9995003,0.6452354,7.2408547,216.5,407.72412,0.1429,0.2083,0.0,1.0,0.0
18.666534,8.161811,0.66309714,7.124986,313.6,412.61655,0.8571,0.6667,0.0,0.0,0.0
13.454044,10.110325,0.8104822,7.3914924,245.6,428.70477,1.0,0.875,0.0,0.0,0.0
17.687199,6.832451,0.73270774,7.0870953,546.6,415.39755,0.1429,0.5417,1.0,1.0,1.0
16.669893,6.648378,0.4791072,7.246545,273.0,422.15094,0.5714,0.5,1.0,1.0,1.0
16.0502,8.208221,0.6538139,7.2665234,387.5,420.70242,0.4286,0.0417,0.0,1.0,1.0
18.339733,4.903508,0.79717475,7.11279,495.5,397.32834,0.2857,0.5417,1.0,1.0,1.0
18.767223,7.2829795,0.670307,7.0002275,309.6,374.66943,1.0,0.125,0.0,0.0,0.0
17.719372,6.293559,0.415722,7.20906,317.7,431.2013,0.4286,0.0833,0.0,1.0,1.0
18.682882,5.604966,0.5558144,6.9517646,230.6,368.18317,1.0,0.0833,0.0,0.0,1.0
17.194567,6.687715,0.774628,7.1937532,275.19998,392.9047,0.4286,0.1667,0.0,1.0,0.0
13.353793,9.885993,0.81318456,7.3792467,250.2,423.0778,0.8571,0.5,0.0,0.0,0.0
15.303097,5.444491,0.47721642,6.97033,237.50002,360.96805,0.5714,0.5,1.0,1.0,0.0
16.611645,7.4070377,0.5816025,7.2449107,202.90001,402.40234,0.4286,0.3333,1.0,1.0,0.0
12.4173,9.53575,13.9677,7.73203,255.0,754.144,0.1429,0.2917,0.0,1.0,1.0
18.680655,5.8660007,0.7254773,7.017545,677.9,411.3478,0.8571,0.5,0.0,0.0,1.0
17.843292,5.700154,0.6016162,7.0418696,479.7,398.6304,0.4286,0.6667,1.0,1.0,1.0
16.992613,7.0914936,0.5843895,7.263723,357.9,400.4507,0.5714,0.2083,0.0,1.0,1.0
16.493315,7.7266173,0.97666734,7.271193,303.09998,425.84088,0.7143,0.5,1.0,1.0,0.0
18.03067,5.292277,0.37330353,7.15837,188.00002,394.62442,0.7143,0.0417,0.0,1.0,0.0
18.30569,4.687197,0.35487157,7.0835195,220.40001,397.58554,0.4286,0.0,0.0,1.0,0.0
16.006294,7.7279243,0.5891636,7.2366853,191.3,417.26862,0.5714,0.5417,1.0,1.0,0.0
18.644909,8.02027,0.6672623,7.1284595,312.89996,404.60934,0.8571,0.4167,0.0,0.0,0.0
13.645938,9.256681,0.78077835,7.336251,330.19998,425.13394,0.1429,0.4167,1.0,1.0,0.0
17.4881,7.418087,0.67446834,7.1063066,348.09998,422.42062,0.1429,0.7083,0.0,1.0,1.0
17.395544,6.088182,0.41504067,7.198908,233.5,398.77206,0.2857,0.2083,0.0,1.0,0.0
18.428116,6.0165105,0.56834877,7.071273,188.3,392.0994,0.2857,0.3333,1.0,1.0,0.0
12.4876795,10.000774,0.42852283,7.378758,179.6,408.08932,1.0,0.3333,0.0,0.0,0.0
16.13891,7.9518137,0.5865316,7.2506475,220.70001,419.29666,1.0,0.5833,0.0,0.0,0.0
18.608734,4.4698386,0.37908775,7.0521398,313.9,378.9809,1.0,0.4583,0.0,0.0,0.0
17.701649,5.4280834,0.41376048,7.1255116,293.49997,392.98068,0.4286,0.125,0.0,1.0,1.0
18.476646,4.0144205,0.35398537,6.946585,299.09998,363.07864,0.8571,0.8333,0.0,0.0,0.0
16.941938,7.065273,0.61449313,7.258538,347.5,392.482,0.7143,0.1667,0.0,1.0,1.0
12.0307865,8.374433,0.3900724,7.024835,223.6,355.03815,0.5714,0.5,1.0,1.0,0.0
13.738888,9.458683,0.7753184,7.352072,409.5,430.11325,0.2857,0.9167,0.0,1.0,1.0
17.694181,6.347882,0.42316735,7.2125626,330.9,433.53784,0.4286,0.0,0.0,1.0,1.0
10.09486,8.934927,0.37662774,6.7591186,458.9,314.78802,1.0,0.5833,0.0,0.0,0.0
16.853289,7.7434387,0.5717254,7.270868,210.00002,421.28177,1.0,0.7083,0.0,0.0,0.0
17.63311,5.2084455,0.35105282,7.122026,304.0,402.44632,0.4286,0.8333,0.0,1.0,1.0
13.420704,9.808564,0.86279696,7.3755345,237.40001,436.03732,0.7143,0.75,0.0,1.0,0.0
18.541069,7.2634454,0.64361894,7.0140867,304.99997,374.9167,0.7143,0.2083,0.0,1.0,0.0
16.694256,6.4872594,0.594466,7.167883,387.3,382.70227,0.5714,0.875,0.0,1.0,1.0
18.632675,6.0659475,0.54071814,7.055639,193.0,397.9543,1.0,0.75,0.0,0.0,0.0
17.89504,6.606654,0.60971826,7.0939736,193.1,415.46457,0.7143,0.8333,0.0,1.0,0.0
18.896507,4.350811,0.34033507,7.05564,224.20001,399.72565,0.4286,0.2083,0.0,1.0,0.0
18.466444,4.617374,0.3335622,7.1250796,196.40001,409.4819,0.2857,0.75,0.0,1.0,0.0
14.3461,4.07298,0.453858,7.59962,596.5,754.493,0.1429,0.6667,1.0,1.0,0.0
18.316626,4.5635066,0.34444284,7.1251464,400.19998,403.40836,0.4286,0.625,1.0,1.0,1.0
11.7313,10.6435,10.9702,7.70193,327.1,779.709,0.4286,0.25,0.0,1.0,1.0
18.33511,5.551133,0.38204092,7.179015,299.0,422.0473,1.0,0.6667,0.0,0.0,0.0
10.706814,9.084361,0.34753853,6.7220864,538.1,303.5992,0.2857,0.1667,0.0,1.0,0.0
15.659216,8.225291,0.5933364,7.245816,208.0,425.9668,0.1429,0.7083,0.0,1.0,0.0
16.12212,7.944057,0.6229179,7.2488456,185.20001,422.8092,0.4286,0.6667,1.0,1.0,0.0
13.455153,9.980296,0.8122649,7.3843927,245.0,423.98187,1.0,0.9167,0.0,0.0,0.0
15.704368,7.793328,0.65025645,7.2896795,354.59998,401.48438,0.5714,0.2917,0.0,1.0,1.0
18.175928,6.9857264,0.64880544,7.0574737,175.90001,396.42285,0.4286,0.7917,0.0,1.0,0.0
13.897,7.10109,1.50184,7.71199,134.9,751.18,0.1429,0.375,1.0,1.0,1.0
17.438795,5.65474,0.40296096,7.209286,193.40001,382.19626,0.7143,0.25,0.0,1.0,0.0
14.826344,9.065862,0.9840428,7.3435316,303.0,426.51038,0.1429,0.0,0.0,1.0,0.0
18.196327,5.3495483,0.371975,7.142603,200.40001,423.1629,0.5714,0.875,0.0,1.0,0.0
16.256788,7.835555,0.57776135,7.239983,204.00002,419.77118,0.7143,0.875,0.0,1.0,0.0
18.515516,8.284408,0.66725045,7.121581,313.9,418.04254,0.7143,0.9583,0.0,1.0,0.0
18.094803,7.834294,0.62971276,7.080076,303.8,403.70212,0.5714,0.7917,0.0,1.0,0.0
13.8203,7.05605,0.780315,7.67331,63.6,788.562,0.4286,0.375,1.0,1.0,1.0
18.14737,6.298635,0.64354664,7.03491,241.8,394.00488,0.2857,0.0417,0.0,1.0,1.0
18.425629,7.114742,0.66536623,7.043561,216.20001,403.93848,0.4286,0.25,0.0,1.0,1.0
18.628477,4.886421,0.4872766,6.991584,282.1,366.64764,1.0,0.2917,0.0,0.0,0.0
18.430622,5.7394714,0.6477903,6.9655604,257.5,372.50018,0.5714,0.125,0.0,1.0,1.0
18.551071,4.3434734,0.34038836,7.0713058,205.6,394.93796,0.7143,0.125,0.0,1.0,0.0
16.72758,6.4515724,0.4797811,7.2483172,236.0,412.04535,0.4286,0.5,1.0,1.0,1.0
16.451132,7.4980493,0.6882352,7.2450733,220.5,406.16736,0.8571,0.5833,0.0,0.0,0.0
15.782423,8.072957,0.6424669,7.2527447,413.4,415.11322,0.2857,0.875,0.0,1.0,1.0
11.8262,10.9983,17.6141,7.7177,348.6,779.786,0.2857,0.2917,0.0,1.0,1.0
10.282983,9.113246,0.3648414,6.7072396,563.1,296.12054,0.5714,0.3333,1.0,1.0,0.0
18.312286,5.0227647,0.46831834,7.0504684,184.50002,384.1765,0.5714,0.625,1.0,1.0,0.0
18.80216,5.477175,0.49117774,7.0780787,309.4,393.83606,1.0,0.75,0.0,0.0,0.0
18.348112,6.6398864,0.6664174,6.988074,203.5,377.80542,0.4286,0.375,1.0,1.0,1.0
18.363882,5.245958,0.3865316,7.1494594,190.2,418.87048,0.5714,0.0417,0.0,1.0,0.0
11.2782,1.20733,0.691009,7.8156,127.0,783.675,1.0,0.0417,0.0,0.0,0.0
13.462971,9.654535,0.8013143,7.366639,185.7,420.25333,0.4286,0.0417,0.0,1.0,0.0
15.685818,8.316451,0.6613734,7.268626,451.1,420.80634,0.2857,0.75,0.0,1.0,1.0
14.592988,6.9110947,0.7937604,7.0017796,319.1,347.13586,0.4286,0.0417,0.0,1.0,0.0
17.218828,6.115994,0.40739673,7.2164207,217.90001,421.66583,0.4286,0.4583,1.0,1.0,1.0
14.2123,5.95999,0.427645,7.67055,157.6,798.981,0.1429,0.4583,1.0,1.0,1.0
18.574635,4.2159233,0.5463072,6.9881306,287.59998,369.66925,0.2857,0.9583,0.0,1.0,1.0
13.27091,10.088062,0.8120586,7.3935337,248.90001,427.13672,1.0,0.5,0.0,0.0,0.0
11.5254,1.8832,0.637999,7.81299,125.4,797.656,0.7143,0.6667,1.0,1.0,0.0
13.487312,9.776691,0.8256497,7.380745,421.0,439.33273,0.4286,0.7917,0.0,1.0,1.0
18.5065,5.8435016,0.54510343,7.0348654,198.9,386.56857,0.2857,0.4167,1.0,1.0,1.0
17.118248,5.9942555,0.41326022,7.181579,335.3,394.82864,0.5714,0.125,0.0,1.0,1.0
13.51482,9.716967,0.8784776,7.378948,209.1,429.27997,0.8571,0.7083,0.0,0.0,0.0
17.913622,5.8437347,0.4968378,7.1949816,255.29999,420.05017,1.0,0.75,0.0,0.0,0.0
18.30322,4.9516816,0.34595376,7.1338396,204.00002,419.52966,0.7143,0.8333,0.0,1.0,0.0
11.8386,9.7836,0.560038,7.76041,367.0,801.393,1.0,0.2917,0.0,0.0,0.0
18.540226,7.391561,0.5920236,7.060887,285.8,402.21744,0.2857,0.0417,0.0,1.0,0.0
13.4164,6.84031,0.484066,7.68673,104.0,731.172,0.4286,0.8333,0.0,1.0,0.0
13.7514,6.40977,0.79366,7.67168,132.8,753.019,1.0,0.5833,0.0,0.0,0.0
14.882884,8.962716,0.6738283,7.3469367,210.5,432.83777,0.1429,0.6667,1.0,1.0,0.0
14.7508,5.29756,0.439417,7.60575,384.7,803.1,0.7143,0.9583,0.0,1.0,1.0
18.567623,7.6029596,0.60447955,7.0747495,284.3,409.84793,0.2857,0.2083,0.0,1.0,0.0
18.612652,4.5061717,0.37832874,7.0590577,315.9,381.13452,1.0,0.5,0.0,0.0,0.0
10.594044,9.239342,0.36881232,6.7201586,556.3,299.3221,0.4286,0.0417,0.0,1.0,0.0
13.4924135,10.09679,0.8228991,7.3861113,232.8,433.84085,0.8571,0.0,0.0,0.0,0.0
12.014861,10.242602,0.47059178,7.363436,189.1,404.31354,0.2857,0.0,0.0,1.0,0.0
13.1857,7.02241,0.531506,7.70679,729.1,735.0,0.7143,0.4167,1.0,1.0,1.0
16.934011,6.4990697,0.5756633,7.2201843,203.8,421.8425,0.1429,0.5833,1.0,1.0,0.0
13.510646,8.886913,0.8732431,7.286868,215.0,396.39108,1.0,0.0417,0.0,0.0,0.0
16.9539,6.5176606,0.5787103,7.1677365,383.4,389.1217,0.4286,0.9583,0.0,1.0,1.0
15.6749,4.07227,0.402718,7.59838,790.5,803.517,0.8571,0.5,0.0,0.0,1.0
13.072465,9.611262,0.86523175,7.370689,334.9,429.4498,0.5714,0.4167,1.0,1.0,0.0
18.381502,4.639844,0.46693504,6.967318,195.00002,365.79758,0.5714,0.5417,1.0,1.0,0.0
18.565413,4.3510013,0.3734666,7.0400343,313.5,372.86407,1.0,0.25,0.0,0.0,0.0
15.381051,8.577909,0.6473069,7.3216853,224.4,427.6593,0.8571,0.7083,0.0,0.0,0.0
18.392916,5.109177,0.3532089,7.1355453,281.99997,414.63275,0.1429,0.9167,0.0,1.0,1.0
17.89991,5.313096,0.38213843,7.154913,177.0,422.52426,0.4286,0.5833,1.0,1.0,0.0
18.542013,3.378289,0.39489424,6.6990485,259.0,310.38074,0.4286,0.75,0.0,1.0,1.0
10.361393,9.152344,0.69886947,6.692972,542.4,290.36328,0.8571,0.5417,0.0,0.0,0.0
11.219425,8.939205,0.34877527,6.801364,259.09998,321.0545,0.8571,0.625,0.0,0.0,0.0
9.8640585,9.120101,0.36650628,6.712141,561.5,297.04276,0.5714,0.4167,1.0,1.0,0.0
17.48732,5.4827967,0.4757467,7.1987777,481.7,383.07236,0.2857,0.7083,0.0,1.0,1.0
18.238695,6.1591797,0.6110031,7.081731,221.8,388.71658,1.0,0.3333,0.0,0.0,0.0
17.958067,6.793309,0.6066131,7.095699,346.8,414.9158,0.1429,0.7917,0.0,1.0,1.0
13.384909,9.303682,0.84341764,7.372119,243.6,392.38757,0.8571,0.25,0.0,0.0,0.0
13.484766,9.2150955,0.8154321,7.3418045,202.4,401.6215,0.1429,0.25,0.0,1.0,0.0
13.01298,10.347284,0.7938452,7.393912,251.2,435.63165,0.1429,0.625,1.0,1.0,0.0
18.486254,5.1003823,0.3560409,7.133768,239.8,414.4774,0.2857,0.0833,0.0,1.0,1.0
17.793003,7.439042,0.60884047,7.118393,290.3,394.03796,0.4286,0.375,1.0,1.0,0.0
18.433697,4.908448,0.404464,7.0712132,349.1,385.7194,0.8571,0.6667,0.0,0.0,0.0
11.667767,8.976863,0.3792737,6.767799,317.5,314.9112,1.0,0.0833,0.0,0.0,0.0
14.248895,6.7184978,0.7648138,6.98764,330.30002,346.19458,0.5714,0.9167,0.0,1.0,0.0
17.006845,6.8070283,0.41952807,7.247988,201.7,406.85968,0.1429,0.3333,1.0,1.0,0.0
13.8703,6.31583,1.17001,7.68732,440.0,755.102,0.7143,0.6667,1.0,1.0,1.0
11.709479,10.097,0.45629144,7.317438,185.90001,402.66605,1.0,0.9167,0.0,0.0,0.0
16.986021,6.2060013,0.44187933,7.216606,205.6,423.49927,0.5714,0.4583,1.0,1.0,1.0
18.590214,5.9092264,0.5486967,7.024474,372.69998,392.58026,0.8571,0.7917,0.0,0.0,1.0
16.398375,7.528265,0.6215506,7.215363,214.50002,406.188,0.8571,0.1667,0.0,0.0,0.0
18.183628,4.398156,0.36953115,7.1061006,309.6,399.3867,0.1429,0.7083,0.0,1.0,0.0
15.558,3.93243,0.33591,7.57581,754.0,813.863,0.8571,0.25,0.0,0.0,0.0
18.435385,7.434495,0.6577066,7.1007724,222.8,419.6258,0.2857,0.1667,0.0,1.0,1.0
17.248785,5.9253373,0.4090271,7.176334,295.49997,390.76263,0.4286,0.1667,0.0,1.0,1.0
12.947193,10.249115,0.8324292,7.3851576,452.4,430.1154,0.2857,0.75,0.0,1.0,1.0
13.955823,9.463484,0.737651,7.3393974,317.19998,429.76938,0.1429,0.9167,0.0,1.0,0.0
18.66774,5.809959,0.5498638,7.019277,203.00002,380.35245,1.0,0.2917,0.0,0.0,0.0
17.819557,6.656905,0.7783739,7.0748997,296.8,406.85284,0.2857,0.8333,0.0,1.0,1.0
18.45909,5.1496515,0.4221092,7.040055,240.2,396.3742,0.4286,0.25,0.0,1.0,1.0
17.434166,6.372253,0.38431698,7.233708,210.90001,419.91306,1.0,0.7083,0.0,0.0,0.0
18.012596,6.14924,0.7533594,7.0314517,325.6,379.934,0.7143,0.0417,0.0,1.0,1.0
18.450918,5.801998,0.63415897,6.988093,200.1,377.43143,0.4286,0.2917,0.0,1.0,0.0
18.442678,6.874564,0.6657071,7.007152,211.8,392.12988,0.4286,0.2917,0.0,1.0,1.0
11.568583,11.175386,0.4225893,7.3658977,184.40001,426.3487,0.4286,0.6667,1.0,1.0,0.0
18.630869,5.3483243,0.5639055,7.02966,309.9,387.94943,0.1429,0.375,1.0,1.0,0.0
17.719252,6.3571115,0.92046344,7.059268,179.20001,407.8929,0.2857,0.5417,1.0,1.0,0.0
14.6962,5.76321,2.11189,7.61645,202.5,803.331,0.4286,0.375,1.0,1.0,1.0
18.173014,5.0555696,0.414746,7.0833983,313.5,400.04004,0.7143,0.5,1.0,1.0,0.0
13.418,7.05729,0.469818,7.70444,175.0,728.779,0.8571,0.1667,0.0,0.0,1.0
11.294264,9.007424,0.36368394,6.846115,270.5,330.4546,0.8571,0.3333,0.0,0.0,0.0
11.891753,10.3204775,0.428895,7.345853,199.6,390.71902,0.4286,0.9167,0.0,1.0,0.0
18.73726,4.482514,0.35052037,7.1197724,211.3,394.68262,0.4286,0.3333,1.0,1.0,0.0
18.391392,7.653632,0.62048084,7.052245,308.8,398.7619,0.5714,0.9167,0.0,1.0,0.0
18.240423,6.068881,0.608128,7.017556,206.9,389.76248,0.8571,0.0833,0.0,0.0,0.0
13.226498,9.225668,0.83282286,7.33687,228.70001,395.0998,0.7143,0.7083,0.0,1.0,0.0
17.345495,5.4468436,0.4078446,7.155246,258.6,415.47067,0.1429,0.7917,0.0,1.0,0.0
18.472874,7.766142,0.5778986,7.1059737,202.20001,423.6743,0.8571,0.8333,0.0,0.0,0.0
18.428375,6.0066643,0.57016605,7.071273,188.6,392.11972,0.2857,0.3333,1.0,1.0,0.0
13.8804,7.04785,0.559665,7.66257,149.6,781.507,0.7143,0.2917,0.0,1.0,0.0
11.7803,9.82922,0.664199,7.76235,327.2,788.012,1.0,0.9167,0.0,0.0,0.0
17.685589,5.516881,0.3797239,7.1777153,189.1,403.98212,0.7143,0.4167,1.0,1.0,0.0
17.93854,5.477818,0.3831628,7.161862,204.8,420.8573,0.7143,0.75,0.0,1.0,0.0
16.443415,7.631709,0.6102241,7.239832,203.4,409.75623,0.8571,0.7083,0.0,0.0,0.0
13.11621,10.001432,0.929686,7.3388166,204.90001,411.81293,0.2857,0.125,0.0,1.0,0.0
18.698345,5.5276732,0.5621362,6.9587,318.49997,380.01675,0.5714,0.8333,0.0,1.0,1.0
17.596922,5.599205,0.43541247,7.1621275,254.79999,389.49045,0.5714,0.1667,0.0,1.0,1.0
18.487135,4.385972,0.36801463,7.040042,304.4,378.6914,0.8571,0.6667,0.0,0.0,0.0
18.367863,5.781213,1.3713439,7.0677953,661.1,401.16678,0.1429,0.5,1.0,1.0,1.0
17.787273,6.9316273,0.85706306,7.0835915,652.89996,414.63104,0.1429,0.5,1.0,1.0,1.0
11.9851,1.27843,0.503343,7.84708,660.2,754.985,0.7143,0.3333,1.0,1.0,0.0
18.611547,5.610831,0.5505676,6.9517503,336.59998,377.10345,0.8571,0.875,0.0,0.0,1.0
18.300127,5.0580425,0.4637431,7.062599,183.5,385.5003,0.5714,0.6667,1.0,1.0,0.0
13.9585,6.29148,0.342878,7.66057,412.4,778.479,0.8571,0.0417,0.0,0.0,1.0
18.267336,5.8326416,0.60575676,6.9863396,250.99998,375.6776,1.0,0.9167,0.0,0.0,0.0
18.088654,5.102924,0.36944407,7.121813,233.90001,407.84604,0.7143,0.9167,0.0,1.0,0.0
12.988132,10.122127,0.8305624,7.385131,216.0,419.10052,1.0,0.6667,0.0,0.0,0.0
18.717905,5.5231457,0.55762917,6.9483204,305.7,380.6527,0.5714,0.875,0.0,1.0,1.0
14.011272,6.8116007,0.81040305,6.992921,322.8,345.96277,0.4286,0.625,1.0,1.0,0.0
18.185234,6.26718,0.6634514,7.0869417,215.3,399.33716,0.5714,0.375,1.0,1.0,0.0
13.298769,9.517135,0.8154362,7.3474145,262.69998,394.86322,0.2857,0.0833,0.0,1.0,0.0
13.63218,9.251477,0.76476526,7.334481,329.99997,425.4853,0.1429,0.4583,1.0,1.0,0.0
13.2075,7.63486,0.730971,7.6731,118.1,776.851,0.5714,0.7917,0.0,1.0,0.0
14.57389,6.9082737,0.79746807,7.001779,322.0,347.11472,0.4286,0.2083,0.0,1.0,0.0
10.387427,9.096265,0.35033804,6.7055874,557.1,295.98618,0.7143,0.4167,1.0,1.0,0.0
18.600021,7.314366,0.64901185,7.052208,189.5,403.5525,0.8571,0.375,0.0,0.0,0.0
18.531788,4.2984085,0.3850035,7.021004,296.7,374.79752,0.8571,0.5,0.0,0.0,0.0
11.263766,8.560864,0.80456126,7.099923,209.90001,365.78638,0.4286,0.4167,1.0,1.0,1.0
12.83138,9.932052,0.91647893,7.3480444,465.8,417.80106,0.4286,0.75,0.0,1.0,1.0
17.29965,6.127656,0.40832818,7.2163568,214.40001,421.48907,0.4286,0.4583,1.0,1.0,1.0
11.394352,9.00865,0.36245644,6.846168,268.7,329.15506,0.8571,0.375,0.0,0.0,0.0
18.182905,5.014172,0.45998794,7.057425,187.4,374.187,0.7143,0.5417,1.0,1.0,0.0
18.374912,4.9349318,0.38817203,7.1268973,205.70001,392.56616,0.7143,0.3333,1.0,1.0,0.0
11.4168,2.78867,0.589507,7.8116,73.6,754.136,0.5714,0.625,1.0,1.0,0.0
17.753859,6.8892226,0.77666396,7.085339,622.39996,414.9025,0.1429,0.5417,1.0,1.0,1.0
13.045027,9.790209,0.8009407,7.3778753,199.3,426.9679,0.2857,0.5,1.0,1.0,0.0
18.025988,5.181092,0.39663398,7.133983,472.4,417.14758,0.1429,0.625,1.0,1.0,1.0
15.244,3.75297,0.458555,7.54662,732.4,809.932,0.5714,0.6667,1.0,1.0,0.0
17.72261,5.73247,1.1287066,7.1794033,231.6,421.4743,0.1429,0.6667,1.0,1.0,0.0
18.127268,6.899767,0.62050086,7.074843,170.3,387.6228,0.7143,0.6667,1.0,1.0,0.0
12.9233,10.016129,0.826979,7.36568,443.0,420.58325,0.2857,0.7917,0.0,1.0,1.0
12.893017,10.594942,1.3597102,7.410109,262.0,432.10138,0.2857,0.4583,1.0,1.0,1.0
13.923939,9.130389,0.8682981,7.360598,310.19998,429.55658,0.1429,0.4167,1.0,1.0,0.0
14.779057,8.612854,0.6970058,7.336508,222.50002,416.43478,0.4286,0.4167,1.0,1.0,0.0
16.801,1.86451,0.319431,7.57663,473.0,784.988,0.4286,0.1667,0.0,1.0,0.0
11.6879,9.80392,0.648321,7.72874,163.5,789.276,0.5714,0.4167,1.0,1.0,0.0
17.8566,1.63545,0.52335,7.5708,450.6,730.195,0.5714,0.875,0.0,1.0,0.0
16.849781,7.021616,0.6873007,7.4176755,761.60004,505.45615,0.2857,0.5417,1.0,1.0,1.0
17.812859,7.584104,0.5962225,7.0905685,257.8,409.18182,0.1429,0.5833,1.0,1.0,0.0
18.482656,5.187898,0.4655165,7.043522,237.3,381.30115,0.8571,0.4167,0.0,0.0,0.0
17.23446,6.1990895,0.3827181,7.1990247,324.59998,412.9209,0.4286,0.0417,0.0,1.0,1.0
10.721208,9.104883,0.34901625,6.704179,551.3,296.29053,0.7143,0.2083,0.0,1.0,0.0
11.124,3.60527,0.844505,7.81078,74.0,775.27,0.4286,0.2083,0.0,1.0,0.0
17.899265,5.2355976,0.40825588,7.139262,172.5,423.14594,0.2857,0.4583,1.0,1.0,1.0
18.17044,4.9611588,0.50949126,7.1564713,183.2,420.96365,0.5714,0.5,1.0,1.0,0.0
18.009684,6.1468925,0.7474198,7.031452,330.1,379.78766,0.7143,0.0,0.0,1.0,1.0
17.86753,5.4887724,0.37169373,7.1793222,225.6,413.51794,0.4286,0.0417,0.0,1.0,1.0
10.139121,8.954635,0.4298398,6.7609596,413.6,314.6697,1.0,0.4583,0.0,0.0,0.0
17.35186,6.0092034,0.3787378,7.235513,192.40001,400.71274,0.8571,0.4167,0.0,0.0,0.0
16.741568,7.0384636,0.6143248,7.2866745,336.2,391.26736,0.7143,0.3333,1.0,1.0,0.0
18.03767,6.384544,0.7207623,7.0626993,307.4,392.7581,0.7143,0.0833,0.0,1.0,1.0
18.745453,4.790268,0.33681434,7.1284275,220.40001,419.33533,0.2857,0.9167,0.0,1.0,0.0
15.8305,1.87413,0.391386,7.58396,609.8,741.555,0.2857,0.375,1.0,1.0,0.0
18.446756,5.7951703,0.537959,6.934379,195.5,379.17303,0.1429,0.9583,0.0,1.0,0.0
18.29247,6.0859876,0.548643,7.015817,230.0,397.71356,0.2857,0.4167,1.0,1.0,1.0
16.61968,7.484532,0.95675004,7.2605696,265.69998,426.89468,0.4286,0.4167,1.0,1.0,1.0
17.721848,5.6590104,0.36869377,7.1898746,193.6,411.7488,0.7143,0.375,1.0,1.0,0.0
18.556131,5.5807195,0.6201005,6.9794507,346.4,380.06827,0.5714,0.7917,0.0,1.0,1.0
11.37,10.1317,0.814645,7.75465,250.8,803.283,0.4286,0.125,0.0,1.0,0.0
18.474682,4.855682,0.42924845,6.9846582,315.0,380.35858,0.1429,0.0417,0.0,1.0,0.0
12.8375,8.45311,1.37842,7.69007,350.8,766.475,0.4286,0.375,1.0,1.0,0.0
17.691948,5.858989,0.36454934,7.203818,195.8,422.68668,0.7143,0.7917,0.0,1.0,0.0
12.681722,10.46844,0.95492077,7.4051027,347.3,438.6892,0.5714,0.625,1.0,1.0,1.0
18.327011,7.428244,0.66933006,7.1025376,287.59998,420.874,0.2857,0.9167,0.0,1.0,1.0
10.612763,9.229344,0.3657558,6.7183976,557.69995,299.26312,0.4286,0.125,0.0,1.0,0.0
17.703558,5.4332805,0.41837078,7.1603293,265.1,383.8333,0.4286,0.25,0.0,1.0,1.0
18.208351,6.4902496,0.65732116,7.08696,186.40001,391.67474,1.0,0.3333,0.0,0.0,0.0
18.121899,5.159338,0.34991163,7.090346,453.69998,416.262,0.1429,0.625,1.0,1.0,1.0
10.571957,9.093376,0.35031015,6.7057953,556.89996,295.9073,0.7143,0.375,1.0,1.0,0.0
18.50889,7.7817693,0.6786453,7.0938263,265.0,418.25424,1.0,0.875,0.0,0.0,0.0
17.886452,6.963372,0.6126575,7.106153,203.2,418.2743,0.7143,0.5,1.0,1.0,0.0
12.1823635,9.762458,0.45232922,7.386297,168.0,399.46204,0.4286,0.7083,0.0,1.0,0.0
18.563787,7.6647296,0.6065724,7.107671,198.8,419.9034,0.8571,0.5417,0.0,0.0,0.0
18.267857,5.796983,0.67175597,6.9794044,238.0,373.82614,0.5714,0.1667,0.0,1.0,1.0
9.948973,9.089646,0.3637017,6.742809,539.8,306.17535,0.1429,0.6667,1.0,1.0,0.0
14.0117445,6.721623,0.75121146,6.985852,328.9,345.1704,0.7143,0.4583,1.0,1.0,0.0
12.0404,10.0863,1.19013,7.75449,175.7,791.1,0.5714,0.4583,1.0,1.0,0.0
18.363682,5.0481806,0.3354702,7.152891,237.50002,428.04175,0.4286,0.875,0.0,1.0,0.0
17.241676,5.7302017,0.44731182,7.198895,279.1,423.72275,0.2857,0.4583,1.0,1.0,1.0
12.6247,8.15217,1.02026,7.69945,402.8,733.071,0.5714,0.2917,0.0,1.0,0.0
14.1399,4.09454,0.389425,7.61065,714.7,744.402,0.4286,0.7083,0.0,1.0,0.0
13.386142,10.159817,0.80504346,7.3862834,219.5,438.96036,0.5714,0.9583,0.0,1.0,0.0
13.473558,9.122901,0.8855139,7.375445,224.20001,398.17438,0.8571,0.2083,0.0,0.0,0.0
18.521887,4.285556,0.33922237,7.007161,309.9,373.82025,0.2857,0.9167,0.0,1.0,1.0
11.6383,10.7751,11.8524,7.75921,415.9,859.275,0.4286,0.3333,1.0,1.0,1.0
11.546726,10.939225,0.47224307,7.36586,199.9,399.85068,0.4286,0.4583,1.0,1.0,0.0
16.837595,6.452324,0.42877173,7.2220116,490.19998,418.56198,0.2857,0.625,1.0,1.0,1.0
13.007163,10.186294,0.89928937,7.3992906,243.50002,423.43732,0.8571,0.4583,0.0,0.0,0.0
14.7005,4.09462,0.262586,7.61466,743.6,776.267,0.5714,0.0417,0.0,1.0,0.0
18.490894,7.814639,0.5848704,7.107704,255.7,420.68695,1.0,0.6667,0.0,0.0,0.0
16.201275,7.791694,0.5795535,7.227764,194.4,418.4958,0.5714,0.75,0.0,1.0,0.0
11.951,9.7818,0.77288,7.78857,426.2,844.464,0.8571,0.0417,0.0,0.0,0.0
17.394775,6.1706777,0.4070484,7.1797237,231.20001,407.22336,0.2857,0.1667,0.0,1.0,0.0
10.690582,9.116161,0.35041177,6.70596,550.2,296.43344,0.7143,0.0833,0.0,1.0,0.0
14.137457,9.486296,0.7450605,7.314435,309.19998,435.7939,0.8571,0.75,0.0,0.0,0.0
13.328126,9.619986,0.8589794,7.372144,255.40001,427.9746,0.7143,0.4583,1.0,1.0,0.0
16.714945,6.6200967,0.39311248,7.2500153,285.8,421.61847,0.5714,0.4167,1.0,1.0,1.0
10.073388,8.94802,0.42769432,6.7608876,418.4,314.67337,1.0,0.5,0.0,0.0,0.0
18.597189,4.4598756,0.37753022,7.052141,313.9,378.7154,1.0,0.4583,0.0,0.0,0.0
17.970913,7.129691,0.78105223,7.1078568,193.7,424.50494,0.4286,0.875,0.0,1.0,0.0
18.469782,4.6315928,0.43458188,6.962139,204.8,363.44016,0.7143,0.0417,0.0,1.0,0.0
15.171588,7.0729403,0.6843053,7.154839,218.5,373.37305,0.2857,0.75,0.0,1.0,0.0
18.342384,5.0952716,0.36779428,7.0781565,562.39996,410.14404,0.1429,0.5417,1.0,1.0,1.0
12.798428,10.30149,0.7977859,7.392474,251.59999,433.7235,0.1429,0.5833,1.0,1.0,0.0
13.30896,9.680741,0.79552615,7.297777,265.69998,407.5727,0.2857,0.0417,0.0,1.0,0.0
11.2555,10.0533,0.984252,7.71751,690.8,774.76,0.7143,0.375,1.0,1.0,1.0
11.699265,10.136802,0.428397,7.308518,188.8,405.4109,1.0,0.875,0.0,0.0,0.0
15.828645,7.766127,0.68677443,7.266737,362.09998,400.6953,0.5714,0.2083,0.0,1.0,1.0
14.0448,6.1975,1.92962,7.68864,591.3,768.195,1.0,0.7917,0.0,0.0,1.0
17.036247,6.870329,0.59261316,7.193861,371.09998,395.5564,0.5714,0.0833,0.0,1.0,1.0
11.6434,9.79378,0.609387,7.73959,385.0,788.486,0.4286,0.0417,0.0,1.0,1.0
18.666115,5.8440166,0.52665675,6.9517584,193.6,382.97235,0.1429,0.125,0.0,1.0,0.0
14.0182,6.15545,0.398523,7.61273,234.0,778.199,0.5714,0.7083,0.0,1.0,0.0
12.018715,10.275458,0.4663483,7.363424,189.1,405.54013,0.2857,0.0,0.0,1.0,0.0
13.464224,9.472296,0.87399745,7.3666267,223.20001,420.40497,0.8571,0.2917,0.0,0.0,0.0
14.399714,8.557333,0.70532346,7.312288,225.3,420.74908,0.5714,0.75,0.0,1.0,0.0
13.083563,9.962323,0.8091084,7.3849196,212.00002,430.9698,0.5714,0.7917,0.0,1.0,0.0
17.092407,6.443566,0.5640424,7.176368,257.69998,395.57257,0.2857,0.0833,0.0,1.0,0.0
13.2841,6.94369,0.451109,7.69594,320.4,731.367,0.5714,0.9583,0.0,1.0,0.0
18.664486,5.7023625,0.5564373,6.9950414,189.70001,373.44922,0.8571,0.375,0.0,0.0,0.0
17.953001,7.1688595,0.6875209,7.1026692,411.30002,411.27133,0.1429,0.625,1.0,1.0,1.0
18.90883,4.297303,0.33316118,7.0348606,233.6,398.35486,0.2857,0.25,0.0,1.0,0.0
11.884978,9.974664,0.3953218,7.2424335,231.6,384.90936,0.7143,0.3333,1.0,1.0,0.0
14.816,5.78003,2.04973,7.62146,206.6,804.313,0.4286,0.3333,1.0,1.0,1.0
17.846975,7.5970416,0.59347504,7.0853443,259.59998,409.6888,0.1429,0.625,1.0,1.0,0.0
17.04469,6.03047,0.37867385,7.1833,376.19998,407.2361,0.4286,0.9167,0.0,1.0,1.0
17.471838,6.493428,0.3944412,7.235412,191.1,426.31628,0.8571,0.8333,0.0,0.0,0.0
10.449616,9.102777,0.34317183,6.705664,557.99994,297.8241,0.5714,0.0833,0.0,1.0,0.0
16.868723,7.3931875,0.5610091,7.1852913,203.3,405.64304,0.4286,0.0833,0.0,1.0,0.0
14.063612,9.337584,1.0254653,7.339247,301.3,425.3055,1.0,0.5,0.0,0.0,1.0
9.433665,9.243592,0.3667689,6.724251,557.8,300.0531,0.2857,0.875,0.0,1.0,0.0
15.913961,8.22934,0.6520609,7.264903,402.1,419.4066,0.2857,0.9167,0.0,1.0,1.0
18.401836,7.3541794,0.68939936,7.0903783,187.0,423.21838,0.1429,0.125,0.0,1.0,0.0
12.506397,9.614297,0.41246647,7.282703,190.80002,396.38705,0.8571,0.8333,0.0,0.0,0.0
9.854681,9.076954,0.35827488,6.739107,541.1,305.91928,0.1429,0.75,0.0,1.0,0.0
12.664648,9.898452,0.41765064,7.346505,175.8,411.73956,0.4286,0.25,0.0,1.0,0.0
18.34564,4.492477,0.35245758,7.132075,201.90001,392.9721,0.5714,0.2083,0.0,1.0,0.0
18.642956,5.0738826,0.47182596,6.9690785,228.70001,371.07166,0.4286,0.0417,0.0,1.0,1.0
11.555554,10.148562,0.42222667,7.357019,199.3,389.58862,0.5714,0.75,0.0,1.0,0.0
12.689419,10.305167,0.95278436,7.4086566,359.5,430.3262,0.5714,0.4583,1.0,1.0,1.0
18.1859,6.834421,0.63229835,7.045326,178.1,388.97003,0.5714,0.4583,1.0,1.0,0.0
11.443696,8.972415,0.36603552,6.7658033,319.4,315.15784,1.0,0.0417,0.0,0.0,0.0
17.485004,6.498401,0.3914569,7.2354045,192.7,427.25046,0.8571,0.8333,0.0,0.0,0.0
17.036001,6.6563706,0.43216246,7.230503,201.0,399.22247,0.1429,0.2917,0.0,1.0,0.0
18.119892,4.702245,0.38267756,7.001954,269.4,390.7381,0.5714,0.7917,0.0,1.0,0.0
17.504812,6.1215143,0.38119668,7.205787,214.90001,410.8476,0.1429,0.0833,0.0,1.0,0.0
14.2651,5.85885,0.346466,7.62276,178.6,778.158,1.0,0.5417,0.0,0.0,0.0
12.49058,9.7401705,0.42804414,7.341407,186.8,398.3258,1.0,0.0,0.0,0.0,0.0
18.868235,4.8215284,0.336738,7.11625,244.40001,421.7051,0.2857,0.0417,0.0,1.0,0.0
11.2857,1.20189,0.697173,7.8156,128.2,782.665,1.0,0.0417,0.0,0.0,0.0
15.657935,8.237852,0.5933456,7.2458243,208.6,426.24188,0.1429,0.7083,0.0,1.0,0.0
18.251396,5.270898,0.38983554,7.14778,183.6,419.6555,0.4286,0.875,0.0,1.0,0.0
11.3706,3.69669,0.599633,7.79744,219.8,772.688,0.4286,0.9167,0.0,1.0,0.0
18.47936,5.1503224,0.4174025,7.0590887,303.5,393.9807,0.1429,0.2083,0.0,1.0,0.0
17.470182,5.6396055,0.36635423,7.1517706,200.0,391.20377,0.8571,0.9583,0.0,0.0,0.0
13.480674,9.215703,0.7931246,7.304589,300.6,420.30032,0.1429,0.6667,1.0,1.0,0.0
18.678705,5.2053204,0.46114153,6.989854,219.8,377.11118,0.4286,0.125,0.0,1.0,0.0
16.656971,7.3443656,4.7047205,7.2587786,155.1,426.8024,0.1429,0.625,1.0,1.0,1.0
11.2351,9.84256,1.36208,7.78543,258.1,755.695,0.2857,0.5833,1.0,1.0,0.0
16.061878,7.8342447,0.57414615,7.2418947,186.7,420.7849,0.4286,0.75,0.0,1.0,0.0
16.61746,7.364298,0.5659947,7.246586,343.69998,417.3103,0.5714,0.375,1.0,1.0,1.0
18.910877,4.2967243,0.33300942,7.033129,233.5,398.3648,0.2857,0.25,0.0,1.0,0.0
13.173314,9.581896,0.80441475,7.3706126,200.90001,416.7997,0.2857,0.375,1.0,1.0,0.0
18.232729,5.1031914,0.36294073,7.118264,255.40001,413.63422,0.2857,0.875,0.0,1.0,1.0
17.864975,5.338604,0.40359998,7.177594,181.70001,395.56,0.5714,0.8333,0.0,1.0,0.0
11.7892,1.22225,0.435061,7.85141,639.2,726.044,0.5714,0.9583,0.0,1.0,0.0
13.451206,9.866345,0.7978527,7.3489847,245.40001,420.60315,0.1429,0.125,0.0,1.0,0.0
16.509985,6.6570497,0.5709095,7.1767354,405.59998,397.91846,0.4286,0.7917,0.0,1.0,1.0
16.841305,6.8840737,0.5763762,7.192266,214.7,392.74542,0.8571,0.9167,0.0,0.0,0.0
14.081443,6.787854,0.7805119,6.9911594,326.5,346.01758,0.5714,0.4583,1.0,1.0,0.0
13.590649,10.465526,0.8925011,7.3895073,191.3,426.52213,0.2857,0.5833,1.0,1.0,0.0
18.098202,7.4812884,0.6586189,7.1078234,308.9,423.58395,0.1429,0.7917,0.0,1.0,1.0
13.241391,9.58491,0.7804436,7.3811235,355.69998,429.9085,0.4286,0.4167,1.0,1.0,1.0
13.7512,6.59959,0.719855,7.66284,89.9,819.283,0.1429,0.5417,1.0,1.0,0.0
17.966532,7.0614886,0.77607644,7.104384,195.3,420.61743,0.4286,0.875,0.0,1.0,0.0
15.834052,7.8473697,0.62254107,7.2263722,221.50002,412.04547,0.1429,0.5833,1.0,1.0,0.0
13.408424,9.1061,0.81570214,7.373814,200.1,390.5625,0.2857,0.1667,0.0,1.0,0.0
17.079021,6.2349653,0.36957395,7.218287,188.6,419.35333,0.7143,0.4583,1.0,1.0,0.0
11.531038,10.452074,3.4219356,7.381875,192.7,425.54736,0.2857,0.625,1.0,1.0,1.0
18.3118,5.2987585,0.37577087,7.14428,205.5,421.35294,0.7143,0.0,0.0,1.0,0.0
17.055475,6.691933,0.65440345,7.2549276,271.4,386.5772,0.4286,0.3333,1.0,1.0,0.0
18.132395,7.18735,0.67351085,7.097397,177.2,408.08066,0.1429,0.4583,1.0,1.0,1.0
18.02997,5.516183,0.40245885,7.165302,254.59999,415.08167,0.1429,0.4167,1.0,1.0,0.0
12.958982,10.173245,0.83322644,7.397543,191.70001,440.7697,0.4286,0.625,1.0,1.0,0.0
16.902124,6.5083747,0.59094334,7.178246,371.0,383.6772,0.7143,0.0417,0.0,1.0,1.0
18.369669,5.631381,0.7465248,7.06433,504.50003,398.23032,0.1429,0.5417,1.0,1.0,1.0
18.443142,7.4934716,0.6700098,7.1025033,234.9,421.498,0.4286,0.1667,0.0,1.0,1.0
18.169678,6.98378,0.6457041,7.0574756,175.70001,396.4561,0.4286,0.7917,0.0,1.0,0.0
11.8635,9.83407,0.640193,7.76927,389.0,798.413,0.8571,0.875,0.0,0.0,0.0
13.1005,7.52903,0.737529,7.66096,288.5,734.735,0.2857,0.6667,1.0,1.0,0.0
17.44119,7.4356384,0.6976264,7.1028423,621.6,421.14008,0.2857,0.5,1.0,1.0,1.0
14.7197,4.7442,0.419876,7.58645,261.1,796.047,0.1429,0.9167,0.0,1.0,0.0
15.6822,3.80708,0.369095,7.55447,728.8,824.526,0.7143,0.2083,0.0,1.0,0.0
14.856451,8.332315,0.6931578,7.3452344,228.0,398.53256,0.5714,0.25,0.0,1.0,0.0
18.551857,4.705586,0.34448034,7.0988646,247.1,390.85153,0.2857,0.2083,0.0,1.0,0.0
18.480606,4.504671,0.35329354,7.1354895,204.6,390.97653,0.7143,0.3333,1.0,1.0,0.0
13.333271,9.821951,0.8258269,7.389921,245.20001,415.54276,1.0,0.2917,0.0,0.0,0.0
13.2888,7.8442,2.77405,7.67114,223.0,775.794,0.8571,0.4583,0.0,0.0,0.0
17.711582,5.4410524,0.42151552,7.153361,272.30002,385.78674,0.4286,0.2083,0.0,1.0,1.0
11.915267,10.598366,0.49435413,7.3617783,196.6,390.12048,0.4286,0.0833,0.0,1.0,0.0
18.50899,5.10036,0.4323414,7.0054293,252.20001,389.7863,0.2857,0.125,0.0,1.0,0.0
14.100826,8.704439,0.8693104,7.3038363,277.69998,407.69925,0.2857,0.5417,1.0,1.0,0.0
18.334549,5.3963776,0.38756698,7.1824813,296.5,411.7606,1.0,0.4167,0.0,0.0,0.0
17.65257,6.7678885,0.7091336,7.097539,414.3,413.9754,0.2857,0.625,1.0,1.0,1.0
18.473616,4.576503,0.3430094,7.050511,244.20001,396.2552,1.0,0.0833,0.0,0.0,0.0
17.080957,6.935922,0.42458367,7.2391896,190.1,416.9844,1.0,0.9583,0.0,0.0,0.0
18.235863,5.4338403,0.5210464,7.047026,455.9,388.09915,0.2857,0.625,1.0,1.0,1.0
14.637271,8.382433,0.87129074,7.283839,313.4,400.77603,0.1429,0.2083,0.0,1.0,0.0
16.760355,7.341905,0.58783364,7.23254,203.4,399.84677,0.4286,0.2917,0.0,1.0,0.0
14.208484,6.7353635,0.73487103,6.9964666,311.8,346.58633,0.7143,0.8333,0.0,1.0,0.0
12.805498,10.025192,0.87454516,7.3285637,209.90001,413.9048,0.2857,0.0417,0.0,1.0,0.0
17.974215,6.274224,0.80114245,7.054029,353.69998,387.1604,0.5714,0.9583,0.0,1.0,1.0
14.195109,6.8176665,0.77524185,6.9911675,327.09998,346.0987,0.5714,0.3333,1.0,1.0,0.0
18.392374,4.985145,0.40785694,6.98118,261.3,384.5352,0.4286,0.0833,0.0,1.0,1.0
14.200611,6.8089056,0.7949092,6.9911675,325.69998,346.19342,0.4286,0.8333,0.0,1.0,0.0
13.086594,10.017036,0.8011064,7.3866806,191.6,436.79486,0.1429,0.6667,1.0,1.0,0.0
17.722088,5.118852,0.34955144,7.10981,286.4,398.24387,0.4286,0.875,0.0,1.0,1.0
18.509611,4.7155585,0.3607816,7.1164083,261.8,396.4548,1.0,0.2083,0.0,0.0,0.0
18.213333,7.0130186,0.64602137,7.100834,194.30002,419.48486,0.8571,0.125,0.0,0.0,0.0
18.37845,4.4570837,0.35191774,7.125127,200.20001,391.2293,0.5714,0.2083,0.0,1.0,0.0
18.39159,4.9489436,0.40275383,7.0625644,350.09998,388.44238,0.8571,0.7083,0.0,0.0,0.0
18.074137,6.5661545,0.7206429,7.0800505,288.6,402.18964,0.7143,0.125,0.0,1.0,1.0
12.269,8.87411,0.653669,7.73069,316.3,747.113,0.2857,0.2083,0.0,1.0,0.0
13.9148,6.31179,1.21392,7.68722,404.0,761.558,0.7143,0.7917,0.0,1.0,1.0
11.631406,10.699015,0.42567134,7.376429,178.3,423.67236,0.1429,0.5833,1.0,1.0,0.0
11.726037,10.252506,0.43953562,7.3834224,175.40001,409.19318,0.1429,0.3333,1.0,1.0,0.0
18.364647,4.731026,0.33472246,7.1320624,200.3,416.8568,0.2857,0.5417,1.0,1.0,0.0
15.343583,8.655988,0.6493221,7.330518,217.20001,427.27692,1.0,0.6667,0.0,0.0,0.0
18.668282,5.8008404,0.5499443,7.017546,202.20001,379.8649,1.0,0.2917,0.0,0.0,0.0
14.274673,6.809623,0.78248227,6.991174,329.09998,346.4641,0.5714,0.0833,0.0,1.0,0.0
17.416788,6.213732,0.4497922,7.2005725,411.9,427.47137,0.2857,0.75,0.0,1.0,1.0
11.460656,10.212797,0.42102236,7.3607273,192.1,392.0446,0.5714,0.6667,1.0,1.0,0.0
16.519394,7.440711,0.70911336,7.244919,583.0,424.69998,0.4286,0.5417,1.0,1.0,1.0
15.65307,9.650514,1.2715336,7.5354815,740.6,538.8777,0.2857,0.5833,1.0,1.0,1.0
16.455559,7.0904346,0.5325351,7.2572274,252.7,419.01544,0.2857,0.4167,1.0,1.0,0.0
14.577,5.73582,0.481238,7.64493,326.7,765.016,0.8571,0.4167,0.0,0.0,1.0
10.97119,9.029347,0.38461602,6.751026,494.3,311.3988,1.0,0.9167,0.0,0.0,0.0
17.432373,7.779299,0.98805064,7.28901,761.5,508.63934,0.5714,0.625,1.0,1.0,1.0
13.361428,9.648019,0.8124159,7.3703847,250.5,403.89935,0.1429,0.2917,0.0,1.0,0.0
11.4655,9.77442,0.630012,7.7294,126.1,817.969,0.7143,0.2917,0.0,1.0,0.0
18.450031,4.997544,0.40810424,7.0764027,345.3,390.61954,0.8571,0.625,0.0,0.0,0.0
13.166284,9.664289,0.9414422,7.402605,377.19998,398.4622,0.5714,0.25,0.0,1.0,1.0
12.977727,10.198313,0.8304884,7.3904696,218.8,422.84363,1.0,0.5,0.0,0.0,0.0
15.566933,7.8586397,0.68781203,7.2512074,237.7,401.1273,0.8571,0.0417,0.0,0.0,0.0
18.344374,5.2671046,0.38999206,7.1807394,290.19998,402.99536,1.0,0.3333,0.0,0.0,0.0
12.6547,8.09483,0.644803,7.70116,164.8,723.41,0.5714,0.0417,0.0,1.0,0.0
18.264923,6.641329,0.6313252,7.0921264,203.1,413.77383,0.7143,0.0,0.0,1.0,0.0
18.205595,6.955359,0.6231417,7.0869575,195.8,417.00803,0.8571,0.5417,0.0,0.0,0.0
18.689909,5.2965508,0.50878865,7.0158134,231.7,384.4118,0.2857,0.0833,0.0,1.0,0.0
12.6346,8.19243,0.77659,7.70653,585.5,729.75,0.5714,0.7083,0.0,1.0,0.0
18.661013,5.8334584,0.53403467,6.9517584,193.6,382.8876,0.1429,0.1667,0.0,1.0,0.0
18.75216,5.443136,0.53191584,6.937952,210.8,384.6187,0.5714,0.125,0.0,1.0,0.0
13.9882,6.1704,0.941692,7.6605,134.2,748.765,0.8571,0.8333,0.0,0.0,0.0
18.323397,4.9015965,0.70109886,7.1093335,528.3,397.0874,0.2857,0.5417,1.0,1.0,1.0
18.04203,5.3046203,0.43556875,7.07998,404.4,402.6325,0.2857,0.7083,0.0,1.0,1.0
18.130947,7.126799,0.6312208,7.0765786,173.8,399.02274,0.7143,0.5,1.0,1.0,0.0
11.7954,9.82118,0.663066,7.76408,337.5,780.27,1.0,0.7083,0.0,0.0,0.0
13.320221,9.626908,0.88061064,7.381019,221.50002,425.68677,0.8571,0.4583,0.0,0.0,0.0
18.077553,5.214672,0.36243558,7.140907,373.59998,420.32446,0.1429,0.7083,0.0,1.0,1.0
12.7004,8.2341,0.508446,7.71882,630.6,728.585,0.7143,0.5833,1.0,1.0,0.0
18.64814,5.752772,0.5284428,6.9517546,194.8,380.4018,0.1429,0.0,0.0,1.0,0.0
12.8964,7.86125,0.813789,7.68456,140.8,748.209,0.1429,0.75,0.0,1.0,0.0
18.4341,5.2552085,0.46896565,7.0573826,234.40001,383.94107,0.8571,0.3333,0.0,0.0,0.0
13.8955,6.31938,1.22375,7.68901,413.8,760.506,0.7143,0.75,0.0,1.0,1.0
18.23275,6.3830156,0.6146856,7.0799985,230.8,401.2041,1.0,0.4583,0.0,0.0,0.0
18.552841,4.7057486,0.3445654,7.0971346,247.00002,391.14584,0.2857,0.2083,0.0,1.0,0.0
13.456038,9.2057905,0.8546502,7.3879223,210.4,389.6316,0.5714,0.25,0.0,1.0,0.0
18.376219,5.0016217,0.40765542,6.984641,272.6,386.47134,0.4286,0.0417,0.0,1.0,1.0
13.4923725,9.50805,0.7961369,7.3647804,442.39996,428.3086,0.2857,0.75,0.0,1.0,1.0
12.6375,8.19472,0.772093,7.70831,581.8,729.636,0.5714,0.7083,0.0,1.0,0.0
16.308062,7.8676186,0.5751465,7.2381926,206.3,421.01382,0.7143,0.9167,0.0,1.0,0.0
17.477715,5.7744856,0.37317288,7.198739,187.1,420.1919,0.5714,0.4167,1.0,1.0,0.0
18.44115,6.971179,0.6762666,7.0210214,213.0,396.97845,0.4286,0.2917,0.0,1.0,1.0
13.788866,9.349512,0.76983243,7.341386,398.59998,426.0392,0.4286,0.0,0.0,1.0,1.0
12.698917,10.336011,0.9593918,7.4104056,363.19998,432.03607,0.5714,0.4167,1.0,1.0,1.0
13.989931,8.657599,0.89157397,7.2863255,331.2,396.877,0.1429,0.25,0.0,1.0,0.0
17.059732,6.076105,0.39452374,7.1554656,190.5,398.21375,0.8571,0.9167,0.0,0.0,0.0
17.847517,5.107999,0.35834283,7.125429,202.1,389.00854,0.8571,0.0,0.0,0.0,0.0
17.477833,6.3623867,0.42891955,7.212723,372.1,434.58734,0.2857,0.8333,0.0,1.0,1.0
16.559404,7.8597674,0.57142675,7.2467003,199.1,421.43814,0.4286,0.9167,0.0,1.0,0.0
18.37425,5.0315847,0.34740466,7.13381,217.1,424.72266,0.7143,0.9167,0.0,1.0,0.0
16.259962,7.500502,0.5880779,7.257493,207.50002,407.03122,0.7143,0.3333,1.0,1.0,0.0
12.563343,9.8555765,0.46443653,7.355526,180.6,404.86288,0.4286,0.0833,0.0,1.0,0.0
18.57132,7.4935966,0.6004771,7.0695477,284.69998,405.61392,0.2857,0.2083,0.0,1.0,0.0
16.905697,6.5052943,0.6016499,7.176494,369.8,383.11377,0.7143,0.0417,0.0,1.0,1.0
18.30931,8.295382,0.6581738,7.1199217,310.59998,418.31006,0.7143,0.7917,0.0,1.0,0.0
17.891682,7.852571,0.60309815,7.1061983,291.69998,405.56516,0.4286,0.75,0.0,1.0,0.0
18.446898,5.940905,0.56221783,7.0227494,175.3,387.838,0.1429,0.375,1.0,1.0,0.0
13.181867,9.61051,0.91969854,7.3937225,303.59998,391.02942,0.7143,0.3333,1.0,1.0,0.0
16.77095,6.6147203,0.39363712,7.2534513,200.3,420.14542,0.7143,0.4583,1.0,1.0,0.0
10.708925,9.07678,0.34912884,6.729264,535.3,304.45758,0.2857,0.0833,0.0,1.0,0.0
11.2127,10.0799,0.826257,7.7748,140.6,779.266,0.8571,0.5833,0.0,0.0,0.0
13.5587,6.72027,0.770201,7.68635,103.6,749.002,0.4286,0.0417,0.0,1.0,0.0
13.468582,9.898521,0.8035839,7.3755345,244.0,420.3361,0.1429,0.0417,0.0,1.0,0.0
18.378954,7.5051136,0.66641486,7.102525,271.9,422.84262,0.4286,0.0,0.0,1.0,1.0
18.398664,4.9835877,0.4007839,7.0625644,350.8,390.31842,0.8571,0.7083,0.0,0.0,0.0
18.072046,6.764062,0.64123696,7.064439,173.3,386.79227,0.5714,0.5833,1.0,1.0,0.0
14.11022,8.501309,0.72322774,7.215524,320.99997,402.43817,1.0,0.0833,0.0,0.0,0.0
11.832,9.49291,0.683117,7.73906,403.5,803.336,0.8571,0.9167,0.0,0.0,0.0
16.432587,7.6334968,0.60536224,7.2677574,296.5,420.19852,0.7143,0.5833,1.0,1.0,0.0
17.668262,5.600384,0.4036644,7.175963,238.8,419.03287,0.1429,0.625,1.0,1.0,0.0
16.884962,7.059138,0.6014108,7.269058,353.1,399.1691,0.5714,0.2917,0.0,1.0,1.0
18.054033,5.176094,0.3807364,7.132233,266.7,417.613,0.1429,0.5417,1.0,1.0,1.0
18.428558,6.423701,0.84550774,7.012353,177.8,387.5425,1.0,0.4167,0.0,0.0,0.0
10.48834,9.094908,0.3462205,6.705708,558.2,297.40845,0.5714,0.2083,0.0,1.0,0.0
12.0609,9.80011,0.733845,7.78293,430.3,844.718,0.7143,0.875,0.0,1.0,0.0
13.813704,9.2399025,0.99980295,7.3501353,291.1,429.7557,0.1429,0.5417,1.0,1.0,0.0
12.787343,9.966266,0.87892514,7.3960266,196.5,430.18362,0.4286,0.4583,1.0,1.0,0.0
16.651136,7.4532156,0.74607253,7.2587957,264.80002,426.56564,0.4286,0.4583,1.0,1.0,1.0
18.695112,5.3508816,0.5107727,7.0158134,227.70001,387.02972,0.2857,0.1667,0.0,1.0,0.0
16.980032,6.7280693,0.39718056,7.2462916,203.1,421.75122,0.8571,0.4167,0.0,0.0,0.0
13.01463,9.588567,0.84257734,7.356693,225.6,392.73492,1.0,0.0833,0.0,0.0,0.0
11.7436,9.88,0.794967,7.76605,438.5,851.223,0.5714,0.0833,0.0,1.0,0.0
18.597248,4.1925488,0.41951084,6.86179,205.1,346.58652,0.5714,0.25,0.0,1.0,0.0
12.7496,7.92818,0.620463,7.69739,62.9,751.095,0.4286,0.125,0.0,1.0,0.0
12.8616,9.30992,8.45938,7.68287,618.6,735.129,0.1429,0.4167,1.0,1.0,1.0
18.147007,5.8776536,0.6512948,6.979391,355.19998,381.74454,0.4286,0.8333,0.0,1.0,1.0
17.385857,5.188522,0.37179506,7.130887,196.1,375.28418,0.7143,0.0,0.0,1.0,0.0
12.554187,8.487211,0.36785328,7.0230308,217.70001,358.3752,0.5714,0.25,0.0,1.0,0.0
18.41994,7.556347,0.689172,7.1163797,230.8,424.77975,0.2857,0.125,0.0,1.0,1.0
18.36746,5.0091434,0.40514386,6.984641,273.59998,386.5435,0.4286,0.0417,0.0,1.0,1.0
17.955534,5.4033637,0.40593386,7.149702,296.4,413.47363,0.2857,0.0,0.0,1.0,0.0
14.4951,6.36645,1.00884,7.63281,159.1,810.106,0.2857,0.2917,0.0,1.0,1.0
14.0971,6.19619,2.79798,7.61961,236.9,802.356,0.7143,0.3333,1.0,1.0,0.0
17.786547,8.259698,0.59802234,7.118393,280.5,435.88583,0.2857,0.8333,0.0,1.0,0.0
10.330476,9.148371,0.49376142,6.7055216,542.10004,294.6248,0.7143,0.7917,0.0,1.0,0.0
17.712172,7.7744718,0.59163815,7.0836463,265.9,415.7868,0.2857,0.6667,1.0,1.0,0.0
18.530224,5.1727986,0.4587788,6.989841,277.59998,376.67,0.2857,0.875,0.0,1.0,1.0
18.052666,6.3265433,0.649507,7.0678883,423.89996,406.17944,0.4286,0.6667,1.0,1.0,1.0
18.364141,6.6713414,0.6701316,6.979406,183.6,390.8262,0.1429,0.3333,1.0,1.0,0.0
11.0911,3.92947,0.4869,7.81977,570.8,740.068,1.0,0.25,0.0,0.0,0.0
12.495534,9.830723,0.42770773,7.364529,184.0,401.60632,1.0,0.0417,0.0,0.0,0.0
18.414877,5.1758966,0.46240538,7.0383334,229.7,381.0836,0.8571,0.2083,0.0,0.0,0.0
13.0407,7.87044,0.825129,7.6895,266.6,727.471,1.0,0.7917,0.0,0.0,0.0
14.1875,6.38678,1.76405,7.6759,360.5,1014.63,0.1429,0.2917,0.0,1.0,1.0
18.449572,5.8102064,0.54067785,7.036604,198.40001,384.43884,0.2857,0.4583,1.0,1.0,1.0
9.718465,9.14806,0.36180043,6.711969,556.3,296.64767,0.5714,0.7083,0.0,1.0,0.0
18.0409,1.65821,0.489973,7.57043,415.9,738.95,0.7143,0.0,0.0,1.0,0.0
16.1555,2.25246,0.784108,7.55174,639.3,860.813,0.1429,0.875,0.0,1.0,0.0
15.0902,2.21991,0.69108,7.56099,787.9,821.715,0.2857,0.7083,0.0,1.0,0.0
18.056044,5.020685,0.39097947,7.064361,313.5,400.28244,0.7143,0.5417,1.0,1.0,0.0
13.072239,10.007156,0.8023316,7.386694,191.1,436.26868,0.1429,0.6667,1.0,1.0,0.0
12.903613,10.977542,1.0176706,7.621391,753.7,511.66904,0.4286,0.625,1.0,1.0,1.0
15.660838,7.78579,0.64607954,7.2932396,353.9,400.69684,0.5714,0.2917,0.0,1.0,1.0
18.101938,4.7946258,0.36902225,7.0801115,230.40001,393.78223,0.8571,0.0,0.0,0.0,0.0
12.861242,10.006001,0.8797987,7.3711085,203.00002,410.76114,0.2857,0.2917,0.0,1.0,0.0
13.766423,8.819578,0.7939444,7.306038,383.1,395.4124,0.4286,0.125,0.0,1.0,1.0
11.1114,9.81669,1.43473,7.78584,140.4,769.369,1.0,0.5,0.0,0.0,0.0
12.1859,9.80583,0.805754,7.74698,443.4,875.551,0.4286,0.7083,0.0,1.0,0.0
18.424818,4.289391,0.37525558,6.9863873,300.9,374.8673,0.8571,0.125,0.0,0.0,0.0
17.935726,8.02836,0.66270006,7.1061788,304.19998,406.82593,0.7143,0.625,1.0,1.0,0.0
17.91618,5.2527175,0.5037462,7.139253,173.6,423.41116,0.2857,0.4583,1.0,1.0,1.0
18.491196,4.4371557,0.36284518,7.0660048,238.3,375.1648,0.4286,0.25,0.0,1.0,0.0
14.578707,6.9173927,0.7984764,7.001779,320.6,347.19687,0.4286,0.125,0.0,1.0,0.0
16.08337,7.9017916,0.5802287,7.248879,185.20001,422.13632,0.4286,0.7083,0.0,1.0,0.0
18.244383,4.851342,0.3788836,7.000226,326.89996,389.98987,0.7143,0.9167,0.0,1.0,0.0
17.687643,6.798049,0.6914197,7.095786,194.0,410.22717,0.2857,0.4167,1.0,1.0,1.0
17.453796,5.3317933,0.39945853,7.1186557,195.4,379.07324,0.7143,0.0833,0.0,1.0,0.0
14.996154,8.315988,0.71237504,7.311592,203.1,407.32156,0.2857,0.625,1.0,1.0,0.0
18.2651,4.5134034,0.37169367,7.0799093,212.6,378.69565,0.4286,0.4583,1.0,1.0,0.0
17.637775,6.0465736,0.3902586,7.1934376,269.4,423.55154,0.1429,0.8333,0.0,1.0,0.0
14.7217,5.35354,0.482075,7.60053,257.3,791.862,0.8571,0.4167,0.0,0.0,1.0
15.519536,8.272378,0.6508726,7.2723193,479.4,421.49216,0.4286,0.625,1.0,1.0,1.0
15.900737,7.5977273,0.63205504,7.198272,372.5,400.7523,0.5714,0.125,0.0,1.0,1.0
18.364443,5.8078837,0.5348479,6.9412856,193.50002,380.38977,0.1429,0.875,0.0,1.0,0.0
15.370675,8.772863,0.6739371,7.337515,211.8,426.48297,1.0,0.875,0.0,0.0,0.0
17.330027,6.576682,0.6178745,7.097631,176.5,415.21698,0.7143,0.5417,1.0,1.0,0.0
13.470494,10.0502405,0.79724944,7.3702073,242.40001,430.00986,0.8571,0.875,0.0,0.0,0.0
11.627227,10.803917,5.745097,7.3924503,193.40001,427.357,0.2857,0.625,1.0,1.0,1.0
17.62176,5.8582735,1.340637,7.188171,223.7,425.9016,0.1429,0.6667,1.0,1.0,0.0
17.6029,5.8316927,0.36469495,7.1986547,189.8,422.19797,0.7143,0.4583,1.0,1.0,0.0
18.906445,8.030288,0.75009656,7.1041093,311.3,402.44043,0.1429,0.125,0.0,1.0,0.0
17.8699,5.594751,0.6851195,7.0123534,720.9,409.30078,0.5714,0.5833,1.0,1.0,1.0
18.292551,5.7661085,0.62954766,6.975939,200.90001,367.1445,0.7143,0.25,0.0,1.0,0.0
17.412117,5.94249,0.38944763,7.242447,200.3,392.12967,1.0,0.2917,0.0,0.0,0.0
16.867714,6.50298,0.590873,7.174771,375.5,383.37802,0.5714,0.9583,0.0,1.0,1.0
18.082642,5.1299367,0.36756325,7.133958,425.19998,417.10623,0.1429,0.6667,1.0,1.0,1.0
16.577501,6.690309,0.4659528,7.251955,503.19998,423.60464,0.4286,0.6667,1.0,1.0,1.0
13.458384,10.11112,0.81419957,7.395022,246.20001,428.64117,1.0,0.875,0.0,0.0,0.0
18.353817,5.365083,0.81686956,7.048741,696.8,405.55124,0.2857,0.5,1.0,1.0,1.0
17.246264,5.9125338,0.4016977,7.153661,312.7,396.18268,0.4286,0.0833,0.0,1.0,1.0
15.198484,8.133914,0.6575558,7.29728,219.5,410.7006,0.2857,0.0,0.0,1.0,0.0
11.394689,9.938716,1.2200975,7.3302665,188.8,413.96027,0.2857,0.6667,1.0,1.0,1.0
14.681195,8.108975,0.6886274,7.2626143,276.4,394.76248,0.8571,0.0833,0.0,0.0,0.0
14.2683,5.85953,0.347125,7.62276,178.6,777.647,1.0,0.5417,0.0,0.0,0.0
11.0888,10.0445,0.845147,7.78056,117.2,783.442,1.0,0.3333,0.0,0.0,0.0
15.271872,8.683636,0.6422778,7.3323655,220.0,428.75024,1.0,0.5417,0.0,0.0,0.0
17.255693,5.9123526,0.4118998,7.160634,303.0,393.58887,0.4286,0.125,0.0,1.0,1.0
17.574564,5.6657243,0.43635672,7.214395,245.0,388.73874,0.5714,0.25,0.0,1.0,1.0
13.258674,9.833953,0.79785234,7.377578,193.20001,430.5635,0.1429,0.7917,0.0,1.0,0.0
17.598131,5.6491814,0.5431482,7.1916776,179.90001,416.2757,0.4286,0.4167,1.0,1.0,1.0
11.1281,3.90164,0.45835,7.78925,549.9,752.696,0.8571,0.3333,0.0,0.0,0.0
18.248642,6.658176,0.6307488,7.093866,202.8,414.76202,0.5714,0.9583,0.0,1.0,0.0
16.81875,6.5805516,0.39359027,7.255156,201.7,418.66846,0.7143,0.375,1.0,1.0,0.0
14.5224,5.68345,0.596054,7.65035,485.7,768.123,0.7143,0.625,1.0,1.0,1.0
10.521021,9.162055,0.41108984,6.693177,542.5,290.7722,0.8571,0.4583,0.0,0.0,0.0
13.314313,9.347209,0.83317894,7.3846164,230.3,395.97723,0.7143,0.25,0.0,1.0,0.0
14.174267,9.410604,0.7780387,7.3179145,323.9,436.90808,0.8571,0.4583,0.0,0.0,0.0
12.386527,9.403992,0.41497803,7.259687,184.70001,391.83304,0.5714,0.875,0.0,1.0,0.0
18.413832,4.999541,0.44432652,6.97598,220.70001,374.89658,0.8571,0.0,0.0,0.0,0.0
16.70193,6.6272383,0.42568988,7.246602,553.5,421.90286,0.4286,0.625,1.0,1.0,1.0
18.166563,5.4755473,0.3862962,7.165211,270.9,420.02164,0.8571,0.7917,0.0,0.0,0.0
15.331253,8.173687,0.6425731,7.279542,330.4,418.74594,0.5714,0.5417,1.0,1.0,0.0
16.4372,1.82335,0.338209,7.58438,253.3,777.425,0.1429,0.7917,0.0,1.0,0.0
17.76498,7.696547,0.60405225,7.0784183,264.80002,411.83286,0.2857,0.5833,1.0,1.0,0.0
13.161216,9.681121,0.80888134,7.3688393,200.3,422.76566,0.1429,0.375,1.0,1.0,0.0
18.388416,6.6164427,0.6273848,7.0938234,213.1,413.1346,0.8571,0.5833,0.0,0.0,1.0
17.092426,6.0602074,0.4053039,7.2409024,320.5,389.2315,0.5714,0.25,0.0,1.0,1.0
17.86803,6.958887,0.834916,7.100948,377.09998,422.207,0.5714,0.875,0.0,1.0,1.0
16.60676,6.673942,0.3978129,7.246602,268.5,422.79062,0.5714,0.5,1.0,1.0,1.0
18.401033,4.858698,0.42946422,7.005425,203.5,375.64923,0.5714,0.875,0.0,1.0,0.0
17.895565,4.686233,2.4080226,7.116626,437.3,408.92386,0.1429,0.625,1.0,1.0,1.0
16.848532,6.465715,0.56334615,7.16081,390.0,386.95093,0.4286,0.9167,0.0,1.0,1.0
18.460176,5.484094,0.5620371,6.9188037,195.70001,375.14807,0.7143,0.875,0.0,1.0,0.0
16.931452,7.0622888,0.61545384,7.2637844,346.8,391.92438,0.7143,0.2083,0.0,1.0,1.0
18.466022,5.8081417,0.53954303,6.9326515,195.4,379.8446,0.1429,0.9583,0.0,1.0,0.0
15.415083,8.485383,0.64989066,7.319874,231.5,426.4453,0.8571,0.375,0.0,0.0,0.0
16.304424,7.913266,0.59640956,7.241742,229.20001,415.67032,0.1429,0.1667,0.0,1.0,0.0
13.520247,9.526806,0.79380816,7.3665266,436.3,429.4979,0.2857,0.7917,0.0,1.0,1.0
18.304407,5.500048,1.8327979,7.3993196,757.0,524.0134,0.1429,0.5417,1.0,1.0,1.0
16.557766,7.1520343,0.8744691,7.255368,193.90001,422.1588,0.1429,0.5,1.0,1.0,0.0
14.9394,3.94022,0.327962,7.6194,734.8,779.001,0.4286,0.125,0.0,1.0,0.0
11.4658,0.963891,0.75284,7.79713,232.8,774.057,0.5714,0.75,0.0,1.0,0.0
11.9782,9.60664,1.5127,7.74577,285.5,727.063,0.5714,0.4583,1.0,1.0,0.0
11.5924,10.1446,0.787141,7.75397,271.2,791.434,0.4286,0.9167,0.0,1.0,0.0
15.723423,8.136397,0.645763,7.25806,423.8,416.6814,0.2857,0.8333,0.0,1.0,1.0
13.447978,9.521644,0.8142453,7.343658,238.8,415.22235,0.8571,0.0833,0.0,0.0,0.0
18.50949,4.354286,0.33033723,7.071314,203.1,395.2911,0.7143,0.0,0.0,1.0,0.0
17.0232,6.777178,0.58987844,7.1851406,372.1,393.96698,0.5714,0.0833,0.0,1.0,1.0
11.8128,9.82263,0.705204,7.7498,285.3,795.86,0.2857,0.0833,0.0,1.0,0.0
18.039902,5.306273,0.4358135,7.07998,404.19998,402.45493,0.2857,0.7083,0.0,1.0,1.0
17.103834,6.2441545,0.38158798,7.2042384,365.9,415.99744,0.5714,0.0,0.0,1.0,1.0
11.474,0.991928,1.54882,7.8203,223.7,809.461,0.7143,0.9167,0.0,1.0,0.0
11.1016,10.0426,0.681617,7.76085,144.1,785.831,1.0,0.875,0.0,0.0,0.0
13.469219,10.029409,0.79842794,7.3755217,242.3,429.47696,0.8571,0.875,0.0,0.0,0.0
17.819054,5.4578795,0.3570158,7.167196,203.70001,406.70642,0.7143,0.9167,0.0,1.0,0.0
18.355305,5.1403646,0.35529143,7.140768,289.4,416.12204,0.1429,0.875,0.0,1.0,1.0
11.90989,10.290762,0.41915083,7.361878,209.7,394.35272,0.5714,0.125,0.0,1.0,0.0
12.888412,9.872943,0.83974725,7.371083,211.8,407.9592,0.1429,0.125,0.0,1.0,0.0
11.9749,9.60771,0.645112,7.73684,450.2,854.9,0.1429,0.7917,0.0,1.0,0.0
14.6812,5.08701,0.516682,7.59887,209.4,798.228,0.5714,0.0417,0.0,1.0,0.0
12.8276,9.79605,1.10877,7.74867,405.1,860.088,0.5714,0.625,1.0,1.0,0.0
17.842752,5.3314404,0.39278275,7.1723876,211.1,396.22516,0.5714,0.25,0.0,1.0,0.0
14.42839,8.231052,0.67348915,7.289323,227.6,411.7247,0.5714,0.7917,0.0,1.0,0.0
18.723267,5.8536415,0.5503025,7.0279303,195.70001,382.4318,1.0,0.4583,0.0,0.0,0.0
11.587028,8.941245,0.35898942,6.7605777,335.3,314.85815,1.0,0.1667,0.0,0.0,0.0
17.971922,7.05812,0.7775912,7.104384,195.3,420.49527,0.4286,0.9167,0.0,1.0,0.0
13.279188,9.913615,0.81911206,7.3634067,395.4,416.50742,0.4286,0.0,0.0,1.0,1.0
12.519473,10.378132,0.41323847,7.3822756,178.0,428.61258,0.8571,0.6667,0.0,0.0,0.0
18.525263,6.0112033,0.55037016,7.0019593,194.5,390.0928,0.2857,0.0833,0.0,1.0,0.0
13.439196,10.112682,0.81819683,7.3950624,247.3,428.4037,1.0,0.8333,0.0,0.0,0.0
18.804768,5.5192013,0.5320131,7.064242,312.1,396.809,1.0,0.8333,0.0,0.0,0.0
18.196993,6.845077,0.62991685,7.0505295,177.9,389.24026,0.5714,0.4583,1.0,1.0,0.0
16.946354,7.1732016,0.5620519,7.1974483,203.90001,402.0576,0.1429,0.1667,0.0,1.0,0.0
17.073057,6.18741,0.41410458,7.2619166,198.8,391.50473,0.8571,0.3333,0.0,0.0,0.0
18.295746,5.762172,0.47314352,7.0574155,378.80002,408.03458,0.2857,0.7083,0.0,1.0,1.0
18.50011,4.0289598,0.35466903,6.9552445,300.69998,364.31595,0.8571,0.8333,0.0,0.0,0.0
14.7124,5.3619,0.435292,7.60936,222.8,785.292,0.8571,0.625,0.0,0.0,0.0
16.475134,7.763956,0.7621259,7.314926,744.6,436.919,0.5714,0.5833,1.0,1.0,1.0
16.771011,6.616144,0.46113425,7.2447805,224.5,421.3984,0.4286,0.5417,1.0,1.0,1.0
13.104558,10.2606125,0.8673254,7.4133477,234.2,427.41534,0.8571,0.6667,0.0,0.0,0.0
12.262414,8.540884,0.38421863,7.014143,216.7,355.3012,0.7143,0.2917,0.0,1.0,0.0
17.678646,5.490181,0.58023,7.00193,399.9,390.84567,0.4286,0.7083,0.0,1.0,1.0
14.063345,9.247203,0.77940446,7.339247,315.59998,424.81216,1.0,0.4583,0.0,0.0,1.0
18.3197,6.9427166,0.64157516,7.00715,186.3,390.6848,0.5714,0.3333,1.0,1.0,0.0
12.133104,9.365703,0.42104238,7.2563715,185.90001,393.90463,0.5714,0.7083,0.0,1.0,0.0
14.471148,8.916622,0.7028841,7.3510184,226.90001,427.5017,0.5714,0.5833,1.0,1.0,0.0
12.939343,10.329718,0.90980315,7.406502,276.6,429.77966,0.7143,0.6667,1.0,1.0,0.0
